Workbook

Sheet aprile
A1: ID | B1: ISIN | C1: Coupon | D1: Maturity | E1: 45762 | F1: 45763 | G1: 45764 | H1: 45765 | I1: 45766 | J1: 45767 | K1: 45768 | L1: 45769 | M1: 45770 | N1: 45771 | O1: 45772 | P1: 45773 | Q1: 45774 | R1: 45775 | S1: 45776 | T1: 45777 | U1: 45778 | V1: 45779 | W1: 45780 | X1: 45781 | Y1: 45782 | Z1: 45783 | AA1: 45784 | AB1: 45785 | AC1: 45786 | AD1: 45787 | AE1: 45788 | AF1: 45789 | AG1: 45790 | AH1: 45791 | AI1: 45792
A2: 1 | B2: IT0003256820 | C2: 2.875 | D2: 01/02/2033 | E2: =_xlfn.XLOOKUP(B2,'15a'!$A:$A,'15a'!$G:$G,"pipino il breve") -> 116.49 | F2: =_xlfn.XLOOKUP(B2,'16a'!$A:$A,'16a'!$G:$G,"pipino il breve") -> 116.73 | G2: =_xlfn.XLOOKUP(B2,'17a'!$A:$A,'17a'!$G:$G,"pipino il breve") -> 117.14 | L2: =_xlfn.XLOOKUP(B2,'22a'!$A:$A,'22a'!$G:$G,"pipino il breve") -> 117.32 | M2: =_xlfn.XLOOKUP(B2,'23a'!$A:$A,'23a'!$G:$G,"pipino il breve") -> 117.15 | N2: =_xlfn.XLOOKUP(B2,'24a'!$A:$A,'24a'!$G:$G,"pipino il breve") -> 117.85 | O2: 117.52 | R2: =_xlfn.XLOOKUP(B2,'28'!$A:$A,'28'!$G:$G,"pipino il breve") -> 117.4 | S2: =_xlfn.XLOOKUP(B2,'29'!$A:$A,'29'!$G:$G,"pipino il breve") -> 117.36 | T2: =_xlfn.XLOOKUP(B2,'30'!$A:$A,'30'!$G:$G,"pipino il breve") -> 117.71 | V2: =_xlfn.XLOOKUP(B2,'2'!$A:$A,'2'!$G:$G,"pipino il breve") -> 117.24 | Y2: =_xlfn.XLOOKUP(B2,'5'!$A:$A,'5'!$G:$G,"pipino il breve") -> 117.4 | Z2: =_xlfn.XLOOKUP(B2,'6'!$A:$A,'6'!$G:$G,"pipino il breve") -> 117.25 | AA2: =_xlfn.XLOOKUP(B2,'7'!$A:$A,'7'!$G:$G,"pipino il breve") -> 117.67 | AB2: =_xlfn.XLOOKUP(B2,'8'!$A:$A,'8'!$G:$G,"pipino il breve") -> 117.56 | AC2: =_xlfn.XLOOKUP(B2,'9'!$A:$A,'9'!$G:$G,"pipino il breve") -> 117.32 | AF2: =_xlfn.XLOOKUP(B2,'12'!$A:$A,'12'!$G:$G,"pipino il breve") -> 116.74 | AG2: =_xlfn.XLOOKUP(B2,'13'!$A:$A,'13'!$G:$G,"pipino il breve") -> 116.59 | AH2: =_xlfn.XLOOKUP(B2,'14'!$A:$A,'14'!$G:$G,"pipino il breve") -> 116.5 | AI2: =_xlfn.XLOOKUP(B2,'15'!$A:$A,'15'!$G:$G,"pipino il breve") -> 116.98
A3: 2 | B3: IT0005240830 | C3: 1.1 | D3: 01/06/2027 | E3: =_xlfn.XLOOKUP(B3,'15a'!$A:$A,'15a'!$G:$G,"pipino il breve") -> 100.38 | F3: =_xlfn.XLOOKUP(B3,'16a'!$A:$A,'16a'!$G:$G,"pipino il breve") -> 100.49 | G3: =_xlfn.XLOOKUP(B3,'17a'!$A:$A,'17a'!$G:$G,"pipino il breve") -> 100.59 | L3: =_xlfn.XLOOKUP(B3,'22a'!$A:$A,'22a'!$G:$G,"pipino il breve") -> 100.63 | M3: =_xlfn.XLOOKUP(B3,'23a'!$A:$A,'23a'!$G:$G,"pipino il breve") -> 100.54 | N3: =_xlfn.XLOOKUP(B3,'24a'!$A:$A,'24a'!$G:$G,"pipino il breve") -> 100.68 | O3: 100.58 | R3: =_xlfn.XLOOKUP(B3,'28'!$A:$A,'28'!$G:$G,"pipino il breve") -> 100.6 | S3: =_xlfn.XLOOKUP(B3,'29'!$A:$A,'29'!$G:$G,"pipino il breve") -> 100.57 | T3: =_xlfn.XLOOKUP(B3,'30'!$A:$A,'30'!$G:$G,"pipino il breve") -> 100.63 | V3: =_xlfn.XLOOKUP(B3,'2'!$A:$A,'2'!$G:$G,"pipino il breve") -> 100.54 | Y3: =_xlfn.XLOOKUP(B3,'5'!$A:$A,'5'!$G:$G,"pipino il breve") -> 100.54 | Z3: =_xlfn.XLOOKUP(B3,'6'!$A:$A,'6'!$G:$G,"pipino il breve") -> 100.52 | AA3: =_xlfn.XLOOKUP(B3,'7'!$A:$A,'7'!$G:$G,"pipino il breve") -> 100.67 | AB3: =_xlfn.XLOOKUP(B3,'8'!$A:$A,'8'!$G:$G,"pipino il breve") -> 100.56 | AC3: =_xlfn.XLOOKUP(B3,'9'!$A:$A,'9'!$G:$G,"pipino il breve") -> 100.5 | AF3: =_xlfn.XLOOKUP(B3,'12'!$A:$A,'12'!$G:$G,"pipino il breve") -> 100.29 | AG3: =_xlfn.XLOOKUP(B3,'13'!$A:$A,'13'!$G:$G,"pipino il breve") -> 100.2 | AH3: =_xlfn.XLOOKUP(B3,'14'!$A:$A,'14'!$G:$G,"pipino il breve") -> 100.28 | AI3: =_xlfn.XLOOKUP(B3,'15'!$A:$A,'15'!$G:$G,"pipino il breve") -> 100.37
A4: 3 | B4: IT0005323032 | C4: 1 | D4: 01/02/2028 | E4: =_xlfn.XLOOKUP(B4,'15a'!$A:$A,'15a'!$G:$G,"pipino il breve") -> 99.61 | F4: =_xlfn.XLOOKUP(B4,'16a'!$A:$A,'16a'!$G:$G,"pipino il breve") -> 99.65 | G4: =_xlfn.XLOOKUP(B4,'17a'!$A:$A,'17a'!$G:$G,"pipino il breve") -> 99.81 | L4: =_xlfn.XLOOKUP(B4,'22a'!$A:$A,'22a'!$G:$G,"pipino il breve") -> 99.88 | M4: =_xlfn.XLOOKUP(B4,'23a'!$A:$A,'23a'!$G:$G,"pipino il breve") -> 99.6 | N4: =_xlfn.XLOOKUP(B4,'24a'!$A:$A,'24a'!$G:$G,"pipino il breve") -> 100 | O4: 99.79 | R4: =_xlfn.XLOOKUP(B4,'28'!$A:$A,'28'!$G:$G,"pipino il breve") -> 99.87 | S4: =_xlfn.XLOOKUP(B4,'29'!$A:$A,'29'!$G:$G,"pipino il breve") -> 99.85 | T4: =_xlfn.XLOOKUP(B4,'30'!$A:$A,'30'!$G:$G,"pipino il breve") -> 99.93 | V4: =_xlfn.XLOOKUP(B4,'2'!$A:$A,'2'!$G:$G,"pipino il breve") -> 99.9 | Y4: =_xlfn.XLOOKUP(B4,'5'!$A:$A,'5'!$G:$G,"pipino il breve") -> 99.82 | Z4: =_xlfn.XLOOKUP(B4,'6'!$A:$A,'6'!$G:$G,"pipino il breve") -> 99.81 | AA4: =_xlfn.XLOOKUP(B4,'7'!$A:$A,'7'!$G:$G,"pipino il breve") -> 99.92 | AB4: =_xlfn.XLOOKUP(B4,'8'!$A:$A,'8'!$G:$G,"pipino il breve") -> 99.84 | AC4: =_xlfn.XLOOKUP(B4,'9'!$A:$A,'9'!$G:$G,"pipino il breve") -> 99.77 | AF4: =_xlfn.XLOOKUP(B4,'12'!$A:$A,'12'!$G:$G,"pipino il breve") -> 99.47 | AG4: =_xlfn.XLOOKUP(B4,'13'!$A:$A,'13'!$G:$G,"pipino il breve") -> 99.41 | AH4: =_xlfn.XLOOKUP(B4,'14'!$A:$A,'14'!$G:$G,"pipino il breve") -> 99.45 | AI4: =_xlfn.XLOOKUP(B4,'15'!$A:$A,'15'!$G:$G,"pipino il breve") -> 99.5
A5: 4 | B5: IT0005365165 | C5: 1.5 | D5: 01/08/2029 | E5: =_xlfn.XLOOKUP(B5,'15a'!$A:$A,'15a'!$G:$G,"pipino il breve") -> 101.8 | F5: =_xlfn.XLOOKUP(B5,'16a'!$A:$A,'16a'!$G:$G,"pipino il breve") -> 102 | G5: =_xlfn.XLOOKUP(B5,'17a'!$A:$A,'17a'!$G:$G,"pipino il breve") -> 102.23 | L5: =_xlfn.XLOOKUP(B5,'22a'!$A:$A,'22a'!$G:$G,"pipino il breve") -> 102.28 | M5: =_xlfn.XLOOKUP(B5,'23a'!$A:$A,'23a'!$G:$G,"pipino il breve") -> 102.16 | N5: =_xlfn.XLOOKUP(B5,'24a'!$A:$A,'24a'!$G:$G,"pipino il breve") -> 102.58 | O5: 102.36 | R5: =_xlfn.XLOOKUP(B5,'28'!$A:$A,'28'!$G:$G,"pipino il breve") -> 102.35 | S5: =_xlfn.XLOOKUP(B5,'29'!$A:$A,'29'!$G:$G,"pipino il breve") -> 102.28 | T5: =_xlfn.XLOOKUP(B5,'30'!$A:$A,'30'!$G:$G,"pipino il breve") -> 102.48 | V5: =_xlfn.XLOOKUP(B5,'2'!$A:$A,'2'!$G:$G,"pipino il breve") -> 102.31 | Y5: =_xlfn.XLOOKUP(B5,'5'!$A:$A,'5'!$G:$G,"pipino il breve") -> 102.3 | Z5: =_xlfn.XLOOKUP(B5,'6'!$A:$A,'6'!$G:$G,"pipino il breve") -> 102.29 | AA5: =_xlfn.XLOOKUP(B5,'7'!$A:$A,'7'!$G:$G,"pipino il breve") -> 102.52 | AB5: =_xlfn.XLOOKUP(B5,'8'!$A:$A,'8'!$G:$G,"pipino il breve") -> 102.23 | AC5: =_xlfn.XLOOKUP(B5,'9'!$A:$A,'9'!$G:$G,"pipino il breve") -> 102.25 | AF5: =_xlfn.XLOOKUP(B5,'12'!$A:$A,'12'!$G:$G,"pipino il breve") -> 101.84 | AG5: =_xlfn.XLOOKUP(B5,'13'!$A:$A,'13'!$G:$G,"pipino il breve") -> 101.79 | AH5: =_xlfn.XLOOKUP(B5,'14'!$A:$A,'14'!$G:$G,"pipino il breve") -> 101.77 | AI5: =_xlfn.XLOOKUP(B5,'15'!$A:$A,'15'!$G:$G,"pipino il breve") -> 102.29
A6: 5 | B6: IT0005582421 | C6: 2.075 | D6: 01/10/2039 | E6: =_xlfn.XLOOKUP(B6,'15a'!$A:$A,'15a'!$G:$G,"pipino il breve") -> 101.3 | F6: =_xlfn.XLOOKUP(B6,'16a'!$A:$A,'16a'!$G:$G,"pipino il breve") -> 101.56 | G6: =_xlfn.XLOOKUP(B6,'17a'!$A:$A,'17a'!$G:$G,"pipino il breve") -> 101.94 | L6: =_xlfn.XLOOKUP(B6,'22a'!$A:$A,'22a'!$G:$G,"pipino il breve") -> 102.22 | M6: =_xlfn.XLOOKUP(B6,'23a'!$A:$A,'23a'!$G:$G,"pipino il breve") -> 102.05 | N6: =_xlfn.XLOOKUP(B6,'24a'!$A:$A,'24a'!$G:$G,"pipino il breve") -> 102.92 | O6: 102.48 | R6: =_xlfn.XLOOKUP(B6,'28'!$A:$A,'28'!$G:$G,"pipino il breve") -> 102.27 | S6: =_xlfn.XLOOKUP(B6,'29'!$A:$A,'29'!$G:$G,"pipino il breve") -> 102.21 | T6: =_xlfn.XLOOKUP(B6,'30'!$A:$A,'30'!$G:$G,"pipino il breve") -> 102.58 | V6: =_xlfn.XLOOKUP(B6,'2'!$A:$A,'2'!$G:$G,"pipino il breve") -> 102.18 | Y6: =_xlfn.XLOOKUP(B6,'5'!$A:$A,'5'!$G:$G,"pipino il breve") -> 102.15 | Z6: =_xlfn.XLOOKUP(B6,'6'!$A:$A,'6'!$G:$G,"pipino il breve") -> 101.96 | AA6: =_xlfn.XLOOKUP(B6,'7'!$A:$A,'7'!$G:$G,"pipino il breve") -> 102.73 | AB6: =_xlfn.XLOOKUP(B6,'8'!$A:$A,'8'!$G:$G,"pipino il breve") -> 102.5 | AC6: =_xlfn.XLOOKUP(B6,'9'!$A:$A,'9'!$G:$G,"pipino il breve") -> 102.1 | AF6: =_xlfn.XLOOKUP(B6,'12'!$A:$A,'12'!$G:$G,"pipino il breve") -> 101.61 | AG6: =_xlfn.XLOOKUP(B6,'13'!$A:$A,'13'!$G:$G,"pipino il breve") -> 101.22 | AH6: =_xlfn.XLOOKUP(B6,'14'!$A:$A,'14'!$G:$G,"pipino il breve") -> 101.24 | AI6: =_xlfn.XLOOKUP(B6,'15'!$A:$A,'15'!$G:$G,"pipino il breve") -> 101.99
A7: 6 | B7: IT0005436693 | C7: 0.3 | D7: 01/08/2031 | E7: =_xlfn.XLOOKUP(B7,'15a'!$A:$A,'15a'!$G:$G,"pipino il breve") -> 86.06 | F7: =_xlfn.XLOOKUP(B7,'16a'!$A:$A,'16a'!$G:$G,"pipino il breve") -> 86.25 | G7: =_xlfn.XLOOKUP(B7,'17a'!$A:$A,'17a'!$G:$G,"pipino il breve") -> 86.6 | L7: =_xlfn.XLOOKUP(B7,'22a'!$A:$A,'22a'!$G:$G,"pipino il breve") -> 86.71 | M7: =_xlfn.XLOOKUP(B7,'23a'!$A:$A,'23a'!$G:$G,"pipino il breve") -> 86.63 | N7: =_xlfn.XLOOKUP(B7,'24a'!$A:$A,'24a'!$G:$G,"pipino il breve") -> 87.23 | O7: 86.93 | R7: =_xlfn.XLOOKUP(B7,'28'!$A:$A,'28'!$G:$G,"pipino il breve") -> 86.88 | S7: =_xlfn.XLOOKUP(B7,'29'!$A:$A,'29'!$G:$G,"pipino il breve") -> 86.91 | T7: =_xlfn.XLOOKUP(B7,'30'!$A:$A,'30'!$G:$G,"pipino il breve") -> 87.13 | V7: =_xlfn.XLOOKUP(B7,'2'!$A:$A,'2'!$G:$G,"pipino il breve") -> 86.86 | Y7: =_xlfn.XLOOKUP(B7,'5'!$A:$A,'5'!$G:$G,"pipino il breve") -> 86.92 | Z7: =_xlfn.XLOOKUP(B7,'6'!$A:$A,'6'!$G:$G,"pipino il breve") -> 86.92 | AA7: =_xlfn.XLOOKUP(B7,'7'!$A:$A,'7'!$G:$G,"pipino il breve") -> 87.2 | AB7: =_xlfn.XLOOKUP(B7,'8'!$A:$A,'8'!$G:$G,"pipino il breve") -> 87.1 | AC7: =_xlfn.XLOOKUP(B7,'9'!$A:$A,'9'!$G:$G,"pipino il breve") -> 86.94 | AF7: =_xlfn.XLOOKUP(B7,'12'!$A:$A,'12'!$G:$G,"pipino il breve") -> 86.51 | AG7: =_xlfn.XLOOKUP(B7,'13'!$A:$A,'13'!$G:$G,"pipino il breve") -> 86.4 | AH7: =_xlfn.XLOOKUP(B7,'14'!$A:$A,'14'!$G:$G,"pipino il breve") -> 86.36 | AI7: =_xlfn.XLOOKUP(B7,'15'!$A:$A,'15'!$G:$G,"pipino il breve") -> 86.7
A8: 7 | B8: IT0004923998 | C8: 2.375 | D8: 01/09/2044 | E8: =_xlfn.XLOOKUP(B8,'15a'!$A:$A,'15a'!$G:$G,"pipino il breve") -> 107.55 | F8: =_xlfn.XLOOKUP(B8,'16a'!$A:$A,'16a'!$G:$G,"pipino il breve") -> 107.67 | G8: =_xlfn.XLOOKUP(B8,'17a'!$A:$A,'17a'!$G:$G,"pipino il breve") -> 108.13 | L8: =_xlfn.XLOOKUP(B8,'22a'!$A:$A,'22a'!$G:$G,"pipino il breve") -> 108.37 | M8: =_xlfn.XLOOKUP(B8,'23a'!$A:$A,'23a'!$G:$G,"pipino il breve") -> 108.25 | N8: =_xlfn.XLOOKUP(B8,'24a'!$A:$A,'24a'!$G:$G,"pipino il breve") -> 109.32 | O8: 108.74 | R8: =_xlfn.XLOOKUP(B8,'28'!$A:$A,'28'!$G:$G,"pipino il breve") -> 108.57 | S8: =_xlfn.XLOOKUP(B8,'29'!$A:$A,'29'!$G:$G,"pipino il breve") -> 108.41 | T8: =_xlfn.XLOOKUP(B8,'30'!$A:$A,'30'!$G:$G,"pipino il breve") -> 108.82 | V8: =_xlfn.XLOOKUP(B8,'2'!$A:$A,'2'!$G:$G,"pipino il breve") -> 108.14 | Y8: =_xlfn.XLOOKUP(B8,'5'!$A:$A,'5'!$G:$G,"pipino il breve") -> 108.34 | Z8: =_xlfn.XLOOKUP(B8,'6'!$A:$A,'6'!$G:$G,"pipino il breve") -> 108.05 | AA8: =_xlfn.XLOOKUP(B8,'7'!$A:$A,'7'!$G:$G,"pipino il breve") -> 108.96 | AB8: =_xlfn.XLOOKUP(B8,'8'!$A:$A,'8'!$G:$G,"pipino il breve") -> 108.58 | AC8: =_xlfn.XLOOKUP(B8,'9'!$A:$A,'9'!$G:$G,"pipino il breve") -> 108.15 | AF8: =_xlfn.XLOOKUP(B8,'12'!$A:$A,'12'!$G:$G,"pipino il breve") -> 107.6 | AG8: =_xlfn.XLOOKUP(B8,'13'!$A:$A,'13'!$G:$G,"pipino il breve") -> 107.16 | AH8: =_xlfn.XLOOKUP(B8,'14'!$A:$A,'14'!$G:$G,"pipino il breve") -> 107.17 | AI8: =_xlfn.XLOOKUP(B8,'15'!$A:$A,'15'!$G:$G,"pipino il breve") -> 108.08
A9: 8 | B9: IT0005024234 | C9: 1.75 | D9: 01/03/2030 | E9: =_xlfn.XLOOKUP(B9,'15a'!$A:$A,'15a'!$G:$G,"pipino il breve") -> 103.77 | F9: =_xlfn.XLOOKUP(B9,'16a'!$A:$A,'16a'!$G:$G,"pipino il breve") -> 103.97 | G9: =_xlfn.XLOOKUP(B9,'17a'!$A:$A,'17a'!$G:$G,"pipino il breve") -> 104.25 | L9: =_xlfn.XLOOKUP(B9,'22a'!$A:$A,'22a'!$G:$G,"pipino il breve") -> 104.33 | M9: =_xlfn.XLOOKUP(B9,'23a'!$A:$A,'23a'!$G:$G,"pipino il breve") -> 104.24 | N9: =_xlfn.XLOOKUP(B9,'24a'!$A:$A,'24a'!$G:$G,"pipino il breve") -> 104.66 | O9: 104.38 | R9: =_xlfn.XLOOKUP(B9,'28'!$A:$A,'28'!$G:$G,"pipino il breve") -> 104.46 | S9: =_xlfn.XLOOKUP(B9,'29'!$A:$A,'29'!$G:$G,"pipino il breve") -> 104.4 | T9: =_xlfn.XLOOKUP(B9,'30'!$A:$A,'30'!$G:$G,"pipino il breve") -> 104.51 | V9: =_xlfn.XLOOKUP(B9,'2'!$A:$A,'2'!$G:$G,"pipino il breve") -> 104.37 | Y9: =_xlfn.XLOOKUP(B9,'5'!$A:$A,'5'!$G:$G,"pipino il breve") -> 104.36 | Z9: =_xlfn.XLOOKUP(B9,'6'!$A:$A,'6'!$G:$G,"pipino il breve") -> 104.4 | AA9: =_xlfn.XLOOKUP(B9,'7'!$A:$A,'7'!$G:$G,"pipino il breve") -> 104.6 | AB9: =_xlfn.XLOOKUP(B9,'8'!$A:$A,'8'!$G:$G,"pipino il breve") -> 104.45 | AC9: =_xlfn.XLOOKUP(B9,'9'!$A:$A,'9'!$G:$G,"pipino il breve") -> 104.28 | AF9: =_xlfn.XLOOKUP(B9,'12'!$A:$A,'12'!$G:$G,"pipino il breve") -> 103.84 | AG9: =_xlfn.XLOOKUP(B9,'13'!$A:$A,'13'!$G:$G,"pipino il breve") -> 103.78 | AH9: =_xlfn.XLOOKUP(B9,'14'!$A:$A,'14'!$G:$G,"pipino il breve") -> 103.75 | AI9: =_xlfn.XLOOKUP(B9,'15'!$A:$A,'15'!$G:$G,"pipino il breve") -> 103.99
A10: 9 | B10: IT0005094088 | C10: 0.825 | D10: 01/03/2032 | E10: =_xlfn.XLOOKUP(B10,'15a'!$A:$A,'15a'!$G:$G,"pipino il breve") -> 90.75 | F10: =_xlfn.XLOOKUP(B10,'16a'!$A:$A,'16a'!$G:$G,"pipino il breve") -> 91 | G10: =_xlfn.XLOOKUP(B10,'17a'!$A:$A,'17a'!$G:$G,"pipino il breve") -> 91.34 | L10: =_xlfn.XLOOKUP(B10,'22a'!$A:$A,'22a'!$G:$G,"pipino il breve") -> 91.5 | M10: =_xlfn.XLOOKUP(B10,'23a'!$A:$A,'23a'!$G:$G,"pipino il breve") -> 91.41 | N10: =_xlfn.XLOOKUP(B10,'24a'!$A:$A,'24a'!$G:$G,"pipino il breve") -> 91.97 | O10: 91.72 | R10: =_xlfn.XLOOKUP(B10,'28'!$A:$A,'28'!$G:$G,"pipino il breve") -> 91.68 | S10: =_xlfn.XLOOKUP(B10,'29'!$A:$A,'29'!$G:$G,"pipino il breve") -> 91.64 | T10: =_xlfn.XLOOKUP(B10,'30'!$A:$A,'30'!$G:$G,"pipino il breve") -> 91.9 | V10: =_xlfn.XLOOKUP(B10,'2'!$A:$A,'2'!$G:$G,"pipino il breve") -> 91.64 | Y10: =_xlfn.XLOOKUP(B10,'5'!$A:$A,'5'!$G:$G,"pipino il breve") -> 91.67 | Z10: =_xlfn.XLOOKUP(B10,'6'!$A:$A,'6'!$G:$G,"pipino il breve") -> 91.62 | AA10: =_xlfn.XLOOKUP(B10,'7'!$A:$A,'7'!$G:$G,"pipino il breve") -> 92 | AB10: =_xlfn.XLOOKUP(B10,'8'!$A:$A,'8'!$G:$G,"pipino il breve") -> 91.91 | AC10: =_xlfn.XLOOKUP(B10,'9'!$A:$A,'9'!$G:$G,"pipino il breve") -> 91.66 | AF10: =_xlfn.XLOOKUP(B10,'12'!$A:$A,'12'!$G:$G,"pipino il breve") -> 91.23 | AG10: =_xlfn.XLOOKUP(B10,'13'!$A:$A,'13'!$G:$G,"pipino il breve") -> 91.1 | AH10: =_xlfn.XLOOKUP(B10,'14'!$A:$A,'14'!$G:$G,"pipino il breve") -> 91.08 | AI10: =_xlfn.XLOOKUP(B10,'15'!$A:$A,'15'!$G:$G,"pipino il breve") -> 91.43
A11: 10 | B11: IT0005170839 | C11: 0.8 | D11: 01/06/2026 | E11: =_xlfn.XLOOKUP(B11,'15a'!$A:$A,'15a'!$G:$G,"pipino il breve") -> 99.55 | F11: =_xlfn.XLOOKUP(B11,'16a'!$A:$A,'16a'!$G:$G,"pipino il breve") -> 99.62 | G11: =_xlfn.XLOOKUP(B11,'17a'!$A:$A,'17a'!$G:$G,"pipino il breve") -> 99.7 | L11: =_xlfn.XLOOKUP(B11,'22a'!$A:$A,'22a'!$G:$G,"pipino il breve") -> 99.75 | M11: =_xlfn.XLOOKUP(B11,'23a'!$A:$A,'23a'!$G:$G,"pipino il breve") -> 99.65 | N11: =_xlfn.XLOOKUP(B11,'24a'!$A:$A,'24a'!$G:$G,"pipino il breve") -> 99.77 | O11: 99.72 | R11: =_xlfn.XLOOKUP(B11,'28'!$A:$A,'28'!$G:$G,"pipino il breve") -> 99.75 | S11: =_xlfn.XLOOKUP(B11,'29'!$A:$A,'29'!$G:$G,"pipino il breve") -> 99.72 | T11: =_xlfn.XLOOKUP(B11,'30'!$A:$A,'30'!$G:$G,"pipino il breve") -> 99.76 | V11: =_xlfn.XLOOKUP(B11,'2'!$A:$A,'2'!$G:$G,"pipino il breve") -> 99.68 | Y11: =_xlfn.XLOOKUP(B11,'5'!$A:$A,'5'!$G:$G,"pipino il breve") -> 99.7 | Z11: =_xlfn.XLOOKUP(B11,'6'!$A:$A,'6'!$G:$G,"pipino il breve") -> 99.71 | AA11: =_xlfn.XLOOKUP(B11,'7'!$A:$A,'7'!$G:$G,"pipino il breve") -> 99.75 | AB11: =_xlfn.XLOOKUP(B11,'8'!$A:$A,'8'!$G:$G,"pipino il breve") -> 99.73 | AC11: =_xlfn.XLOOKUP(B11,'9'!$A:$A,'9'!$G:$G,"pipino il breve") -> 99.75 | AF11: =_xlfn.XLOOKUP(B11,'12'!$A:$A,'12'!$G:$G,"pipino il breve") -> 99.62 | AG11: =_xlfn.XLOOKUP(B11,'13'!$A:$A,'13'!$G:$G,"pipino il breve") -> 99.9 | AH11: =_xlfn.XLOOKUP(B11,'14'!$A:$A,'14'!$G:$G,"pipino il breve") -> 99.63 | AI11: =_xlfn.XLOOKUP(B11,'15'!$A:$A,'15'!$G:$G,"pipino il breve") -> 99.64
A12: 11 | B12: IT0005177909 | C12: 1.125 | D12: 01/09/2036 | E12: =_xlfn.XLOOKUP(B12,'15a'!$A:$A,'15a'!$G:$G,"pipino il breve") -> 86.27 | F12: =_xlfn.XLOOKUP(B12,'16a'!$A:$A,'16a'!$G:$G,"pipino il breve") -> 86.55 | G12: =_xlfn.XLOOKUP(B12,'17a'!$A:$A,'17a'!$G:$G,"pipino il breve") -> 86.94 | L12: =_xlfn.XLOOKUP(B12,'22a'!$A:$A,'22a'!$G:$G,"pipino il breve") -> 87.18 | M12: =_xlfn.XLOOKUP(B12,'23a'!$A:$A,'23a'!$G:$G,"pipino il breve") -> 87.03 | N12: =_xlfn.XLOOKUP(B12,'24a'!$A:$A,'24a'!$G:$G,"pipino il breve") -> 87.71 | O12: 87.26 | R12: =_xlfn.XLOOKUP(B12,'28'!$A:$A,'28'!$G:$G,"pipino il breve") -> 87.17 | S12: =_xlfn.XLOOKUP(B12,'29'!$A:$A,'29'!$G:$G,"pipino il breve") -> 87.16 | T12: =_xlfn.XLOOKUP(B12,'30'!$A:$A,'30'!$G:$G,"pipino il breve") -> 87.48 | V12: =_xlfn.XLOOKUP(B12,'2'!$A:$A,'2'!$G:$G,"pipino il breve") -> 87.14 | Y12: =_xlfn.XLOOKUP(B12,'5'!$A:$A,'5'!$G:$G,"pipino il breve") -> 87.23 | Z12: =_xlfn.XLOOKUP(B12,'6'!$A:$A,'6'!$G:$G,"pipino il breve") -> 87.12 | AA12: =_xlfn.XLOOKUP(B12,'7'!$A:$A,'7'!$G:$G,"pipino il breve") -> 87.58 | AB12: =_xlfn.XLOOKUP(B12,'8'!$A:$A,'8'!$G:$G,"pipino il breve") -> 87.54 | AC12: =_xlfn.XLOOKUP(B12,'9'!$A:$A,'9'!$G:$G,"pipino il breve") -> 87.34 | AF12: =_xlfn.XLOOKUP(B12,'12'!$A:$A,'12'!$G:$G,"pipino il breve") -> 86.82 | AG12: =_xlfn.XLOOKUP(B12,'13'!$A:$A,'13'!$G:$G,"pipino il breve") -> 86.62 | AH12: =_xlfn.XLOOKUP(B12,'14'!$A:$A,'14'!$G:$G,"pipino il breve") -> 86.51 | AI12: =_xlfn.XLOOKUP(B12,'15'!$A:$A,'15'!$G:$G,"pipino il breve") -> 87.11
A13: 12 | B13: IT0005273013 | C13: 1.725 | D13: 01/03/2048 | E13: =_xlfn.XLOOKUP(B13,'15a'!$A:$A,'15a'!$G:$G,"pipino il breve") -> 88.47 | F13: =_xlfn.XLOOKUP(B13,'16a'!$A:$A,'16a'!$G:$G,"pipino il breve") -> 88.72 | G13: =_xlfn.XLOOKUP(B13,'17a'!$A:$A,'17a'!$G:$G,"pipino il breve") -> 88.64 | L13: =_xlfn.XLOOKUP(B13,'22a'!$A:$A,'22a'!$G:$G,"pipino il breve") -> 89.2 | M13: =_xlfn.XLOOKUP(B13,'23a'!$A:$A,'23a'!$G:$G,"pipino il breve") -> 89 | N13: =_xlfn.XLOOKUP(B13,'24a'!$A:$A,'24a'!$G:$G,"pipino il breve") -> 90.05 | O13: 89.66 | R13: =_xlfn.XLOOKUP(B13,'28'!$A:$A,'28'!$G:$G,"pipino il breve") -> 89.28 | S13: =_xlfn.XLOOKUP(B13,'29'!$A:$A,'29'!$G:$G,"pipino il breve") -> 89.16 | T13: =_xlfn.XLOOKUP(B13,'30'!$A:$A,'30'!$G:$G,"pipino il breve") -> 89.6 | V13: =_xlfn.XLOOKUP(B13,'2'!$A:$A,'2'!$G:$G,"pipino il breve") -> 88.93 | Y13: =_xlfn.XLOOKUP(B13,'5'!$A:$A,'5'!$G:$G,"pipino il breve") -> 89 | Z13: =_xlfn.XLOOKUP(B13,'6'!$A:$A,'6'!$G:$G,"pipino il breve") -> 88.78 | AA13: =_xlfn.XLOOKUP(B13,'7'!$A:$A,'7'!$G:$G,"pipino il breve") -> 89.65 | AB13: =_xlfn.XLOOKUP(B13,'8'!$A:$A,'8'!$G:$G,"pipino il breve") -> 89.16 | AC13: =_xlfn.XLOOKUP(B13,'9'!$A:$A,'9'!$G:$G,"pipino il breve") -> 88.85 | AF13: =_xlfn.XLOOKUP(B13,'12'!$A:$A,'12'!$G:$G,"pipino il breve") -> 88.36 | AG13: =_xlfn.XLOOKUP(B13,'13'!$A:$A,'13'!$G:$G,"pipino il breve") -> 87.93 | AH13: =_xlfn.XLOOKUP(B13,'14'!$A:$A,'14'!$G:$G,"pipino il breve") -> 87.9 | AI13: =_xlfn.XLOOKUP(B13,'15'!$A:$A,'15'!$G:$G,"pipino il breve") -> 88.83
... A52: 51 | B52: IT0001444378 | C52: 3 | D52: 01/05/2031 | E52: =_xlfn.XLOOKUP(B52,'15a'!$A:$A,'15a'!$G:$G,"pipino il breve") -> 116.79 | F52: =_xlfn.XLOOKUP(B52,'16a'!$A:$A,'16a'!$G:$G,"pipino il breve") -> 116.94 | G52: =_xlfn.XLOOKUP(B52,'17a'!$A:$A,'17a'!$G:$G,"pipino il breve") -> 117.23 | L52: =_xlfn.XLOOKUP(B52,'22a'!$A:$A,'22a'!$G:$G,"pipino il breve") -> 117.43 | M52: =_xlfn.XLOOKUP(B52,'23a'!$A:$A,'23a'!$G:$G,"pipino il breve") -> 117.28 | N52: =_xlfn.XLOOKUP(B52,'24a'!$A:$A,'24a'!$G:$G,"pipino il breve") -> 117.93 | O52: 117.52 | R52: =_xlfn.XLOOKUP(B52,'28'!$A:$A,'28'!$G:$G,"pipino il breve") -> 117.51 | S52: =_xlfn.XLOOKUP(B52,'29'!$A:$A,'29'!$G:$G,"pipino il breve") -> 117.53 | T52: =_xlfn.XLOOKUP(B52,'30'!$A:$A,'30'!$G:$G,"pipino il breve") -> 117.65 | V52: =_xlfn.XLOOKUP(B52,'2'!$A:$A,'2'!$G:$G,"pipino il breve") -> 117.37 | Y52: =_xlfn.XLOOKUP(B52,'5'!$A:$A,'5'!$G:$G,"pipino il breve") -> 117.38 | Z52: =_xlfn.XLOOKUP(B52,'6'!$A:$A,'6'!$G:$G,"pipino il breve") -> 117.38 | AA52: =_xlfn.XLOOKUP(B52,'7'!$A:$A,'7'!$G:$G,"pipino il breve") -> 117.68 | AB52: =_xlfn.XLOOKUP(B52,'8'!$A:$A,'8'!$G:$G,"pipino il breve") -> 117.55 | AC52: =_xlfn.XLOOKUP(B52,'9'!$A:$A,'9'!$G:$G,"pipino il breve") -> 117.38 | AF52: =_xlfn.XLOOKUP(B52,'12'!$A:$A,'12'!$G:$G,"pipino il breve") -> 116.86 | AG52: =_xlfn.XLOOKUP(B52,'13'!$A:$A,'13'!$G:$G,"pipino il breve") -> 116.72 | AH52: =_xlfn.XLOOKUP(B52,'14'!$A:$A,'14'!$G:$G,"pipino il breve") -> 116.68 | AI52: =_xlfn.XLOOKUP(B52,'15'!$A:$A,'15'!$G:$G,"pipino il breve") -> 117
A53: 52 | B53: IT0005090318 | C53: 0.75 | D53: 01/06/2025 | E53: 99.9 | F53: 99.91 | G53: 99.93 | L53: 99.92 | M53: 99.93 | N53: 99.93 | O53: 99.934 | R53: =_xlfn.XLOOKUP(B53,'28'!$A:$A,'28'!$G:$G,"pipino il breve") -> 99.939 | S53: =_xlfn.XLOOKUP(B53,'29'!$A:$A,'29'!$G:$G,"pipino il breve") -> 99.936 | T53: =_xlfn.XLOOKUP(B53,'30'!$A:$A,'30'!$G:$G,"pipino il breve") -> 99.931 | V53: =_xlfn.XLOOKUP(B53,'2'!$A:$A,'2'!$G:$G,"pipino il breve") -> 99.941 | Y53: =_xlfn.XLOOKUP(B53,'5'!$A:$A,'5'!$G:$G,"pipino il breve") -> 99.941 | Z53: =_xlfn.XLOOKUP(B53,'6'!$A:$A,'6'!$G:$G,"pipino il breve") -> 99.952 | AA53: =_xlfn.XLOOKUP(B53,'7'!$A:$A,'7'!$G:$G,"pipino il breve") -> 99.959 | AB53: =_xlfn.XLOOKUP(B53,'8'!$A:$A,'8'!$G:$G,"pipino il breve") -> 99.958 | AC53: =_xlfn.XLOOKUP(B53,'9'!$A:$A,'9'!$G:$G,"pipino il breve") -> 99.959 | AF53: =_xlfn.XLOOKUP(B53,'12'!$A:$A,'12'!$G:$G,"pipino il breve") -> 99.969 | AG53: =_xlfn.XLOOKUP(B53,'13'!$A:$A,'13'!$G:$G,"pipino il breve") -> 99.971 | AH53: =_xlfn.XLOOKUP(B53,'14'!$A:$A,'14'!$G:$G,"pipino il breve") -> 99.965 | AI53: =_xlfn.XLOOKUP(B53,'15'!$A:$A,'15'!$G:$G,"pipino il breve") -> 99.97
A54: 53 | B54: IT0005403396 | C54: 0.475 | D54: 01/08/2030 | E54: =_xlfn.XLOOKUP(B54,'15a'!$A:$A,'15a'!$G:$G,"pipino il breve") -> 90.81 | F54: =_xlfn.XLOOKUP(B54,'16a'!$A:$A,'16a'!$G:$G,"pipino il breve") -> 91.02 | G54: =_xlfn.XLOOKUP(B54,'17a'!$A:$A,'17a'!$G:$G,"pipino il breve") -> 91.3 | L54: =_xlfn.XLOOKUP(B54,'22a'!$A:$A,'22a'!$G:$G,"pipino il breve") -> 91.45 | M54: =_xlfn.XLOOKUP(B54,'23a'!$A:$A,'23a'!$G:$G,"pipino il breve") -> 91.31 | N54: =_xlfn.XLOOKUP(B54,'24a'!$A:$A,'24a'!$G:$G,"pipino il breve") -> 91.8 | O54: 91.55 | R54: =_xlfn.XLOOKUP(B54,'28'!$A:$A,'28'!$G:$G,"pipino il breve") -> 91.54 | S54: =_xlfn.XLOOKUP(B54,'29'!$A:$A,'29'!$G:$G,"pipino il breve") -> 91.57 | T54: =_xlfn.XLOOKUP(B54,'30'!$A:$A,'30'!$G:$G,"pipino il breve") -> 91.71 | V54: =_xlfn.XLOOKUP(B54,'2'!$A:$A,'2'!$G:$G,"pipino il breve") -> 91.48 | Y54: =_xlfn.XLOOKUP(B54,'5'!$A:$A,'5'!$G:$G,"pipino il breve") -> 91.51 | Z54: =_xlfn.XLOOKUP(B54,'6'!$A:$A,'6'!$G:$G,"pipino il breve") -> 91.53 | AA54: =_xlfn.XLOOKUP(B54,'7'!$A:$A,'7'!$G:$G,"pipino il breve") -> 91.76 | AB54: =_xlfn.XLOOKUP(B54,'8'!$A:$A,'8'!$G:$G,"pipino il breve") -> 91.68 | AC54: =_xlfn.XLOOKUP(B54,'9'!$A:$A,'9'!$G:$G,"pipino il breve") -> 91.55 | AF54: =_xlfn.XLOOKUP(B54,'12'!$A:$A,'12'!$G:$G,"pipino il breve") -> 91.09 | AG54: =_xlfn.XLOOKUP(B54,'13'!$A:$A,'13'!$G:$G,"pipino il breve") -> 91.07 | AH54: =_xlfn.XLOOKUP(B54,'14'!$A:$A,'14'!$G:$G,"pipino il breve") -> 90.96 | AI54: =_xlfn.XLOOKUP(B54,'15'!$A:$A,'15'!$G:$G,"pipino il breve") -> 91.25
A55: 54 | B55: IT0005544082 | C55: 2.175 | D55: 01/11/2033 | E55: =_xlfn.XLOOKUP(B55,'15a'!$A:$A,'15a'!$G:$G,"pipino il breve") -> 106.63 | F55: =_xlfn.XLOOKUP(B55,'16a'!$A:$A,'16a'!$G:$G,"pipino il breve") -> 106.83 | G55: =_xlfn.XLOOKUP(B55,'17a'!$A:$A,'17a'!$G:$G,"pipino il breve") -> 107.33 | L55: =_xlfn.XLOOKUP(B55,'22a'!$A:$A,'22a'!$G:$G,"pipino il breve") -> 107.57 | M55: =_xlfn.XLOOKUP(B55,'23a'!$A:$A,'23a'!$G:$G,"pipino il breve") -> 107.4 | N55: =_xlfn.XLOOKUP(B55,'24a'!$A:$A,'24a'!$G:$G,"pipino il breve") -> 108.06 | O55: 107.71 | R55: =_xlfn.XLOOKUP(B55,'28'!$A:$A,'28'!$G:$G,"pipino il breve") -> 107.61 | S55: =_xlfn.XLOOKUP(B55,'29'!$A:$A,'29'!$G:$G,"pipino il breve") -> 107.6 | T55: =_xlfn.XLOOKUP(B55,'30'!$A:$A,'30'!$G:$G,"pipino il breve") -> 107.92 | V55: =_xlfn.XLOOKUP(B55,'2'!$A:$A,'2'!$G:$G,"pipino il breve") -> 107.48 | Y55: =_xlfn.XLOOKUP(B55,'5'!$A:$A,'5'!$G:$G,"pipino il breve") -> 107.58 | Z55: =_xlfn.XLOOKUP(B55,'6'!$A:$A,'6'!$G:$G,"pipino il breve") -> 107.53 | AA55: =_xlfn.XLOOKUP(B55,'7'!$A:$A,'7'!$G:$G,"pipino il breve") -> 108 | AB55: =_xlfn.XLOOKUP(B55,'8'!$A:$A,'8'!$G:$G,"pipino il breve") -> 107.88 | AC55: =_xlfn.XLOOKUP(B55,'9'!$A:$A,'9'!$G:$G,"pipino il breve") -> 107.59 | AF55: =_xlfn.XLOOKUP(B55,'12'!$A:$A,'12'!$G:$G,"pipino il breve") -> 107.07 | AG55: =_xlfn.XLOOKUP(B55,'13'!$A:$A,'13'!$G:$G,"pipino il breve") -> 107 | AH55: =_xlfn.XLOOKUP(B55,'14'!$A:$A,'14'!$G:$G,"pipino il breve") -> 106.91 | AI55: =_xlfn.XLOOKUP(B55,'15'!$A:$A,'15'!$G:$G,"pipino il breve") -> 107.26
A56: 55 | B56: IT0005648149 | C56: 1.4951 | D56: 01/10/2035 | E56: =_xlfn.XLOOKUP(B56,'15a'!$A:$A,'15a'!$G:$G,"pipino il breve") -> 100.24 | F56: =_xlfn.XLOOKUP(B56,'16a'!$A:$A,'16a'!$G:$G,"pipino il breve") -> 100.24 | G56: =_xlfn.XLOOKUP(B56,'17a'!$A:$A,'17a'!$G:$G,"pipino il breve") -> 100.24 | L56: =_xlfn.XLOOKUP(B56,'22a'!$A:$A,'22a'!$G:$G,"pipino il breve") -> 100.24 | M56: =_xlfn.XLOOKUP(B56,'23a'!$A:$A,'23a'!$G:$G,"pipino il breve") -> 100.24 | N56: =_xlfn.XLOOKUP(B56,'24a'!$A:$A,'24a'!$G:$G,"pipino il breve") -> 100.24 | O56: 100.24 | R56: =_xlfn.XLOOKUP(B56,'28'!$A:$A,'28'!$G:$G,"pipino il breve") -> 100.24 | S56: =_xlfn.XLOOKUP(B56,'29'!$A:$A,'29'!$G:$G,"pipino il breve") -> 100.24 | T56: =_xlfn.XLOOKUP(B56,'30'!$A:$A,'30'!$G:$G,"pipino il breve") -> 100.24 | V56: =_xlfn.XLOOKUP(B56,'2'!$A:$A,'2'!$G:$G,"pipino il breve") -> 99.82 | Y56: =_xlfn.XLOOKUP(B56,'5'!$A:$A,'5'!$G:$G,"pipino il breve") -> 100.04 | Z56: =_xlfn.XLOOKUP(B56,'6'!$A:$A,'6'!$G:$G,"pipino il breve") -> 99.87 | AA56: =_xlfn.XLOOKUP(B56,'7'!$A:$A,'7'!$G:$G,"pipino il breve") -> 100.4 | AB56: =_xlfn.XLOOKUP(B56,'8'!$A:$A,'8'!$G:$G,"pipino il breve") -> 100.31 | AC56: =_xlfn.XLOOKUP(B56,'9'!$A:$A,'9'!$G:$G,"pipino il breve") -> 99.99 | AF56: =_xlfn.XLOOKUP(B56,'12'!$A:$A,'12'!$G:$G,"pipino il breve") -> 99.45 | AG56: =_xlfn.XLOOKUP(B56,'13'!$A:$A,'13'!$G:$G,"pipino il breve") -> 99.26 | AH56: =_xlfn.XLOOKUP(B56,'14'!$A:$A,'14'!$G:$G,"pipino il breve") -> 99.17 | AI56: =_xlfn.XLOOKUP(B56,'15'!$A:$A,'15'!$G:$G,"pipino il breve") -> 99.73
A57: 56 | B57: IT0005611055 | C57: 1.5 | D57: 01/10/2029 | E57: =_xlfn.XLOOKUP(B57,'15a'!$A:$A,'15a'!$G:$G,"pipino il breve") -> 101.33 | F57: =_xlfn.XLOOKUP(B57,'16a'!$A:$A,'16a'!$G:$G,"pipino il breve") -> 101.51 | G57: =_xlfn.XLOOKUP(B57,'17a'!$A:$A,'17a'!$G:$G,"pipino il breve") -> 101.79 | L57: =_xlfn.XLOOKUP(B57,'22a'!$A:$A,'22a'!$G:$G,"pipino il breve") -> 101.89 | M57: =_xlfn.XLOOKUP(B57,'23a'!$A:$A,'23a'!$G:$G,"pipino il breve") -> 101.74 | N57: =_xlfn.XLOOKUP(B57,'24a'!$A:$A,'24a'!$G:$G,"pipino il breve") -> 102.14 | O57: 101.88 | R57: =_xlfn.XLOOKUP(B57,'28'!$A:$A,'28'!$G:$G,"pipino il breve") -> 101.87 | S57: =_xlfn.XLOOKUP(B57,'29'!$A:$A,'29'!$G:$G,"pipino il breve") -> 101.85 | T57: =_xlfn.XLOOKUP(B57,'30'!$A:$A,'30'!$G:$G,"pipino il breve") -> 102.04 | V57: =_xlfn.XLOOKUP(B57,'2'!$A:$A,'2'!$G:$G,"pipino il breve") -> 101.81 | Y57: =_xlfn.XLOOKUP(B57,'5'!$A:$A,'5'!$G:$G,"pipino il breve") -> 101.87 | Z57: =_xlfn.XLOOKUP(B57,'6'!$A:$A,'6'!$G:$G,"pipino il breve") -> 101.82 | AA57: =_xlfn.XLOOKUP(B57,'7'!$A:$A,'7'!$G:$G,"pipino il breve") -> 101.96 | AB57: =_xlfn.XLOOKUP(B57,'8'!$A:$A,'8'!$G:$G,"pipino il breve") -> 101.94 | AC57: =_xlfn.XLOOKUP(B57,'9'!$A:$A,'9'!$G:$G,"pipino il breve") -> 101.81 | AF57: =_xlfn.XLOOKUP(B57,'12'!$A:$A,'12'!$G:$G,"pipino il breve") -> 101.38 | AG57: =_xlfn.XLOOKUP(B57,'13'!$A:$A,'13'!$G:$G,"pipino il breve") -> 101.32 | AH57: =_xlfn.XLOOKUP(B57,'14'!$A:$A,'14'!$G:$G,"pipino il breve") -> 101.27 | AI57: =_xlfn.XLOOKUP(B57,'15'!$A:$A,'15'!$G:$G,"pipino il breve") -> 101.52
A58: 57 | B58: IT0005566408 | C58: 2.05 | D58: 01/02/2029 | E58: =_xlfn.XLOOKUP(B58,'15a'!$A:$A,'15a'!$G:$G,"pipino il breve") -> 105.73 | F58: =_xlfn.XLOOKUP(B58,'16a'!$A:$A,'16a'!$G:$G,"pipino il breve") -> 105.87 | G58: =_xlfn.XLOOKUP(B58,'17a'!$A:$A,'17a'!$G:$G,"pipino il breve") -> 106.1 | L58: =_xlfn.XLOOKUP(B58,'22a'!$A:$A,'22a'!$G:$G,"pipino il breve") -> 106.16 | M58: =_xlfn.XLOOKUP(B58,'23a'!$A:$A,'23a'!$G:$G,"pipino il breve") -> 106.03 | N58: =_xlfn.XLOOKUP(B58,'24a'!$A:$A,'24a'!$G:$G,"pipino il breve") -> 106.36 | O58: 106.15 | R58: =_xlfn.XLOOKUP(B58,'28'!$A:$A,'28'!$G:$G,"pipino il breve") -> 106.21 | S58: =_xlfn.XLOOKUP(B58,'29'!$A:$A,'29'!$G:$G,"pipino il breve") -> 106.13 | T58: =_xlfn.XLOOKUP(B58,'30'!$A:$A,'30'!$G:$G,"pipino il breve") -> 106.2 | V58: =_xlfn.XLOOKUP(B58,'2'!$A:$A,'2'!$G:$G,"pipino il breve") -> 106.06 | Y58: =_xlfn.XLOOKUP(B58,'5'!$A:$A,'5'!$G:$G,"pipino il breve") -> 106.08 | Z58: =_xlfn.XLOOKUP(B58,'6'!$A:$A,'6'!$G:$G,"pipino il breve") -> 106.08 | AA58: =_xlfn.XLOOKUP(B58,'7'!$A:$A,'7'!$G:$G,"pipino il breve") -> 106.26 | AB58: =_xlfn.XLOOKUP(B58,'8'!$A:$A,'8'!$G:$G,"pipino il breve") -> 106.09 | AC58: =_xlfn.XLOOKUP(B58,'9'!$A:$A,'9'!$G:$G,"pipino il breve") -> 105.96 | AF58: =_xlfn.XLOOKUP(B58,'12'!$A:$A,'12'!$G:$G,"pipino il breve") -> 105.62 | AG58: =_xlfn.XLOOKUP(B58,'13'!$A:$A,'13'!$G:$G,"pipino il breve") -> 105.58 | AH58: =_xlfn.XLOOKUP(B58,'14'!$A:$A,'14'!$G:$G,"pipino il breve") -> 105.52 | AI58: =_xlfn.XLOOKUP(B58,'15'!$A:$A,'15'!$G:$G,"pipino il breve") -> 105.72
A59: 58 | B59: IT0005637399 | C59: 0.9779 | D59: 01/07/2030 | E59: =_xlfn.XLOOKUP(B59,'15a'!$A:$A,'15a'!$G:$G,"pipino il breve") -> 100.38 | F59: =_xlfn.XLOOKUP(B59,'16a'!$A:$A,'16a'!$G:$G,"pipino il breve") -> 100.58 | G59: =_xlfn.XLOOKUP(B59,'17a'!$A:$A,'17a'!$G:$G,"pipino il breve") -> 100.9 | L59: =_xlfn.XLOOKUP(B59,'22a'!$A:$A,'22a'!$G:$G,"pipino il breve") -> 100.97 | M59: =_xlfn.XLOOKUP(B59,'23a'!$A:$A,'23a'!$G:$G,"pipino il breve") -> 100.8 | N59: =_xlfn.XLOOKUP(B59,'24a'!$A:$A,'24a'!$G:$G,"pipino il breve") -> 101.3 | O59: 101.06 | R59: =_xlfn.XLOOKUP(B59,'28'!$A:$A,'28'!$G:$G,"pipino il breve") -> 101.02 | S59: =_xlfn.XLOOKUP(B59,'29'!$A:$A,'29'!$G:$G,"pipino il breve") -> 101.02 | T59: =_xlfn.XLOOKUP(B59,'30'!$A:$A,'30'!$G:$G,"pipino il breve") -> 101.24 | V59: =_xlfn.XLOOKUP(B59,'2'!$A:$A,'2'!$G:$G,"pipino il breve") -> 100.97 | Y59: =_xlfn.XLOOKUP(B59,'5'!$A:$A,'5'!$G:$G,"pipino il breve") -> 101.02 | Z59: =_xlfn.XLOOKUP(B59,'6'!$A:$A,'6'!$G:$G,"pipino il breve") -> 100.99 | AA59: =_xlfn.XLOOKUP(B59,'7'!$A:$A,'7'!$G:$G,"pipino il breve") -> 101.26 | AB59: =_xlfn.XLOOKUP(B59,'8'!$A:$A,'8'!$G:$G,"pipino il breve") -> 101.17 | AC59: =_xlfn.XLOOKUP(B59,'9'!$A:$A,'9'!$G:$G,"pipino il breve") -> 100.97 | AF59: =_xlfn.XLOOKUP(B59,'12'!$A:$A,'12'!$G:$G,"pipino il breve") -> 100.57 | AG59: =_xlfn.XLOOKUP(B59,'13'!$A:$A,'13'!$G:$G,"pipino il breve") -> 100.48 | AH59: =_xlfn.XLOOKUP(B59,'14'!$A:$A,'14'!$G:$G,"pipino il breve") -> 100.43 | AI59: =_xlfn.XLOOKUP(B59,'15'!$A:$A,'15'!$G:$G,"pipino il breve") -> 100.74
A60: 59 | B60: IT0005494239 | C60: 1.25 | D60: 01/12/2032 | E60: =_xlfn.XLOOKUP(B60,'15a'!$A:$A,'15a'!$G:$G,"pipino il breve") -> 94.76 | F60: =_xlfn.XLOOKUP(B60,'16a'!$A:$A,'16a'!$G:$G,"pipino il breve") -> 95.05 | G60: =_xlfn.XLOOKUP(B60,'17a'!$A:$A,'17a'!$G:$G,"pipino il breve") -> 95.4 | L60: =_xlfn.XLOOKUP(B60,'22a'!$A:$A,'22a'!$G:$G,"pipino il breve") -> 95.56 | M60: =_xlfn.XLOOKUP(B60,'23a'!$A:$A,'23a'!$G:$G,"pipino il breve") -> 95.44 | N60: =_xlfn.XLOOKUP(B60,'24a'!$A:$A,'24a'!$G:$G,"pipino il breve") -> 96.05 | O60: 95.77 | R60: =_xlfn.XLOOKUP(B60,'28'!$A:$A,'28'!$G:$G,"pipino il breve") -> 95.65 | S60: =_xlfn.XLOOKUP(B60,'29'!$A:$A,'29'!$G:$G,"pipino il breve") -> 95.73 | T60: =_xlfn.XLOOKUP(B60,'30'!$A:$A,'30'!$G:$G,"pipino il breve") -> 95.91 | V60: =_xlfn.XLOOKUP(B60,'2'!$A:$A,'2'!$G:$G,"pipino il breve") -> 95.61 | Y60: =_xlfn.XLOOKUP(B60,'5'!$A:$A,'5'!$G:$G,"pipino il breve") -> 95.7 | Z60: =_xlfn.XLOOKUP(B60,'6'!$A:$A,'6'!$G:$G,"pipino il breve") -> 95.63 | AA60: =_xlfn.XLOOKUP(B60,'7'!$A:$A,'7'!$G:$G,"pipino il breve") -> 96.04 | AB60: =_xlfn.XLOOKUP(B60,'8'!$A:$A,'8'!$G:$G,"pipino il breve") -> 95.91 | AC60: =_xlfn.XLOOKUP(B60,'9'!$A:$A,'9'!$G:$G,"pipino il breve") -> 95.69 | AF60: =_xlfn.XLOOKUP(B60,'12'!$A:$A,'12'!$G:$G,"pipino il breve") -> 95.2 | AG60: =_xlfn.XLOOKUP(B60,'13'!$A:$A,'13'!$G:$G,"pipino il breve") -> 95.05 | AH60: =_xlfn.XLOOKUP(B60,'14'!$A:$A,'14'!$G:$G,"pipino il breve") -> 94.96 | AI60: =_xlfn.XLOOKUP(B60,'15'!$A:$A,'15'!$G:$G,"pipino il breve") -> 95.4
A61: 60 | B61: IT0005274805 | C61: 1.025 | D61: 01/08/2027 | E61: =_xlfn.XLOOKUP(B61,'15a'!$A:$A,'15a'!$G:$G,"pipino il breve") -> 99.96 | F61: =_xlfn.XLOOKUP(B61,'16a'!$A:$A,'16a'!$G:$G,"pipino il breve") -> 100.08 | G61: =_xlfn.XLOOKUP(B61,'17a'!$A:$A,'17a'!$G:$G,"pipino il breve") -> 100.18 | L61: =_xlfn.XLOOKUP(B61,'22a'!$A:$A,'22a'!$G:$G,"pipino il breve") -> 100.25 | M61: =_xlfn.XLOOKUP(B61,'23a'!$A:$A,'23a'!$G:$G,"pipino il breve") -> 100.15 | N61: =_xlfn.XLOOKUP(B61,'24a'!$A:$A,'24a'!$G:$G,"pipino il breve") -> 100.3 | O61: 100.2 | R61: =_xlfn.XLOOKUP(B61,'28'!$A:$A,'28'!$G:$G,"pipino il breve") -> 100.25 | S61: =_xlfn.XLOOKUP(B61,'29'!$A:$A,'29'!$G:$G,"pipino il breve") -> 100.2 | T61: =_xlfn.XLOOKUP(B61,'30'!$A:$A,'30'!$G:$G,"pipino il breve") -> 100.26 | V61: =_xlfn.XLOOKUP(B61,'2'!$A:$A,'2'!$G:$G,"pipino il breve") -> 100.2 | Y61: =_xlfn.XLOOKUP(B61,'5'!$A:$A,'5'!$G:$G,"pipino il breve") -> 100.2 | Z61: =_xlfn.XLOOKUP(B61,'6'!$A:$A,'6'!$G:$G,"pipino il breve") -> 100.2 | AA61: =_xlfn.XLOOKUP(B61,'7'!$A:$A,'7'!$G:$G,"pipino il breve") -> 100.3 | AB61: =_xlfn.XLOOKUP(B61,'8'!$A:$A,'8'!$G:$G,"pipino il breve") -> 100.19 | AC61: =_xlfn.XLOOKUP(B61,'9'!$A:$A,'9'!$G:$G,"pipino il breve") -> 100.16 | AF61: =_xlfn.XLOOKUP(B61,'12'!$A:$A,'12'!$G:$G,"pipino il breve") -> 99.9 | AG61: =_xlfn.XLOOKUP(B61,'13'!$A:$A,'13'!$G:$G,"pipino il breve") -> 99.89 | AH61: =_xlfn.XLOOKUP(B61,'14'!$A:$A,'14'!$G:$G,"pipino il breve") -> 99.86 | AI61: =_xlfn.XLOOKUP(B61,'15'!$A:$A,'15'!$G:$G,"pipino il breve") -> 99.98
A62: 61 | B62: IT0005500068 | C62: 1.325 | D62: 01/12/2027 | E62: =_xlfn.XLOOKUP(B62,'15a'!$A:$A,'15a'!$G:$G,"pipino il breve") -> 101.2 | F62: =_xlfn.XLOOKUP(B62,'16a'!$A:$A,'16a'!$G:$G,"pipino il breve") -> 101.32 | G62: =_xlfn.XLOOKUP(B62,'17a'!$A:$A,'17a'!$G:$G,"pipino il breve") -> 101.41 | L62: =_xlfn.XLOOKUP(B62,'22a'!$A:$A,'22a'!$G:$G,"pipino il breve") -> 101.55 | M62: =_xlfn.XLOOKUP(B62,'23a'!$A:$A,'23a'!$G:$G,"pipino il breve") -> 101.4 | N62: =_xlfn.XLOOKUP(B62,'24a'!$A:$A,'24a'!$G:$G,"pipino il breve") -> 101.61 | O62: 101.47 | R62: =_xlfn.XLOOKUP(B62,'28'!$A:$A,'28'!$G:$G,"pipino il breve") -> 101.52 | S62: =_xlfn.XLOOKUP(B62,'29'!$A:$A,'29'!$G:$G,"pipino il breve") -> 101.43 | T62: =_xlfn.XLOOKUP(B62,'30'!$A:$A,'30'!$G:$G,"pipino il breve") -> 101.5 | V62: =_xlfn.XLOOKUP(B62,'2'!$A:$A,'2'!$G:$G,"pipino il breve") -> 101.41 | Y62: =_xlfn.XLOOKUP(B62,'5'!$A:$A,'5'!$G:$G,"pipino il breve") -> 101.41 | Z62: =_xlfn.XLOOKUP(B62,'6'!$A:$A,'6'!$G:$G,"pipino il breve") -> 101.45 | AA62: =_xlfn.XLOOKUP(B62,'7'!$A:$A,'7'!$G:$G,"pipino il breve") -> 101.52 | AB62: =_xlfn.XLOOKUP(B62,'8'!$A:$A,'8'!$G:$G,"pipino il breve") -> 101.43 | AC62: =_xlfn.XLOOKUP(B62,'9'!$A:$A,'9'!$G:$G,"pipino il breve") -> 101.38 | AF62: =_xlfn.XLOOKUP(B62,'12'!$A:$A,'12'!$G:$G,"pipino il breve") -> 101.06 | AG62: =_xlfn.XLOOKUP(B62,'13'!$A:$A,'13'!$G:$G,"pipino il breve") -> 101.06 | AH62: =_xlfn.XLOOKUP(B62,'14'!$A:$A,'14'!$G:$G,"pipino il breve") -> 101.05 | AI62: =_xlfn.XLOOKUP(B62,'15'!$A:$A,'15'!$G:$G,"pipino il breve") -> 101.14
A63: 62 | B63: IT0005162828 | C63: 1.35 | D63: 01/03/2047 | E63: =_xlfn.XLOOKUP(B63,'15a'!$A:$A,'15a'!$G:$G,"pipino il breve") -> 78.85 | F63: =_xlfn.XLOOKUP(B63,'16a'!$A:$A,'16a'!$G:$G,"pipino il breve") -> 78.76 | G63: =_xlfn.XLOOKUP(B63,'17a'!$A:$A,'17a'!$G:$G,"pipino il breve") -> 79.01 | L63: =_xlfn.XLOOKUP(B63,'22a'!$A:$A,'22a'!$G:$G,"pipino il breve") -> 79.43 | M63: =_xlfn.XLOOKUP(B63,'23a'!$A:$A,'23a'!$G:$G,"pipino il breve") -> 79.16 | N63: =_xlfn.XLOOKUP(B63,'24a'!$A:$A,'24a'!$G:$G,"pipino il breve") -> 80.06 | O63: 79.62 | R63: =_xlfn.XLOOKUP(B63,'28'!$A:$A,'28'!$G:$G,"pipino il breve") -> 79.42 | S63: =_xlfn.XLOOKUP(B63,'29'!$A:$A,'29'!$G:$G,"pipino il breve") -> 79.38 | T63: =_xlfn.XLOOKUP(B63,'30'!$A:$A,'30'!$G:$G,"pipino il breve") -> 79.72 | V63: =_xlfn.XLOOKUP(B63,'2'!$A:$A,'2'!$G:$G,"pipino il breve") -> 79.14 | Y63: =_xlfn.XLOOKUP(B63,'5'!$A:$A,'5'!$G:$G,"pipino il breve") -> 79.24 | Z63: =_xlfn.XLOOKUP(B63,'6'!$A:$A,'6'!$G:$G,"pipino il breve") -> 78.86 | AA63: =_xlfn.XLOOKUP(B63,'7'!$A:$A,'7'!$G:$G,"pipino il breve") -> 79.78 | AB63: =_xlfn.XLOOKUP(B63,'8'!$A:$A,'8'!$G:$G,"pipino il breve") -> 79.48 | AC63: =_xlfn.XLOOKUP(B63,'9'!$A:$A,'9'!$G:$G,"pipino il breve") -> 79.08 | AF63: =_xlfn.XLOOKUP(B63,'12'!$A:$A,'12'!$G:$G,"pipino il breve") -> 78.59 | AG63: =_xlfn.XLOOKUP(B63,'13'!$A:$A,'13'!$G:$G,"pipino il breve") -> 78.24 | AH63: =_xlfn.XLOOKUP(B63,'14'!$A:$A,'14'!$G:$G,"pipino il breve") -> 78.2 | AI63: =_xlfn.XLOOKUP(B63,'15'!$A:$A,'15'!$G:$G,"pipino il breve") -> 78.99
A64: 63 | B64: IT0005433195 | C64: 0.475 | D64: 01/03/2037 | E64: =_xlfn.XLOOKUP(B64,'15a'!$A:$A,'15a'!$G:$G,"pipino il breve") -> 73.01 | F64: =_xlfn.XLOOKUP(B64,'16a'!$A:$A,'16a'!$G:$G,"pipino il breve") -> 73.24 | G64: =_xlfn.XLOOKUP(B64,'17a'!$A:$A,'17a'!$G:$G,"pipino il breve") -> 73.58 | L64: =_xlfn.XLOOKUP(B64,'22a'!$A:$A,'22a'!$G:$G,"pipino il breve") -> 73.81 | M64: =_xlfn.XLOOKUP(B64,'23a'!$A:$A,'23a'!$G:$G,"pipino il breve") -> 73.68 | N64: =_xlfn.XLOOKUP(B64,'24a'!$A:$A,'24a'!$G:$G,"pipino il breve") -> 74.37 | O64: 73.98 | R64: =_xlfn.XLOOKUP(B64,'28'!$A:$A,'28'!$G:$G,"pipino il breve") -> 73.81 | S64: =_xlfn.XLOOKUP(B64,'29'!$A:$A,'29'!$G:$G,"pipino il breve") -> 73.85 | T64: =_xlfn.XLOOKUP(B64,'30'!$A:$A,'30'!$G:$G,"pipino il breve") -> 74.12 | V64: =_xlfn.XLOOKUP(B64,'2'!$A:$A,'2'!$G:$G,"pipino il breve") -> 73.76 | Y64: =_xlfn.XLOOKUP(B64,'5'!$A:$A,'5'!$G:$G,"pipino il breve") -> 73.81 | Z64: =_xlfn.XLOOKUP(B64,'6'!$A:$A,'6'!$G:$G,"pipino il breve") -> 73.8 | AA64: =_xlfn.XLOOKUP(B64,'7'!$A:$A,'7'!$G:$G,"pipino il breve") -> 74.3 | AB64: =_xlfn.XLOOKUP(B64,'8'!$A:$A,'8'!$G:$G,"pipino il breve") -> 74.13 | AC64: =_xlfn.XLOOKUP(B64,'9'!$A:$A,'9'!$G:$G,"pipino il breve") -> 73.93 | AF64: =_xlfn.XLOOKUP(B64,'12'!$A:$A,'12'!$G:$G,"pipino il breve") -> 73.49 | AG64: =_xlfn.XLOOKUP(B64,'13'!$A:$A,'13'!$G:$G,"pipino il breve") -> 73.25 | AH64: =_xlfn.XLOOKUP(B64,'14'!$A:$A,'14'!$G:$G,"pipino il breve") -> 73.12 | AI64: =_xlfn.XLOOKUP(B64,'15'!$A:$A,'15'!$G:$G,"pipino il breve") -> 73.79
A65: 64 | B65: IT0005480980 | C65: 1.075 | D65: 01/09/2052 | E65: =_xlfn.XLOOKUP(B65,'15a'!$A:$A,'15a'!$G:$G,"pipino il breve") -> 66.12 | F65: =_xlfn.XLOOKUP(B65,'16a'!$A:$A,'16a'!$G:$G,"pipino il breve") -> 65.93 | G65: =_xlfn.XLOOKUP(B65,'17a'!$A:$A,'17a'!$G:$G,"pipino il breve") -> 66.25 | L65: =_xlfn.XLOOKUP(B65,'22a'!$A:$A,'22a'!$G:$G,"pipino il breve") -> 66.62 | M65: =_xlfn.XLOOKUP(B65,'23a'!$A:$A,'23a'!$G:$G,"pipino il breve") -> 66.37 | N65: =_xlfn.XLOOKUP(B65,'24a'!$A:$A,'24a'!$G:$G,"pipino il breve") -> 67.2 | O65: 66.8 | R65: =_xlfn.XLOOKUP(B65,'28'!$A:$A,'28'!$G:$G,"pipino il breve") -> 66.61 | S65: =_xlfn.XLOOKUP(B65,'29'!$A:$A,'29'!$G:$G,"pipino il breve") -> 66.47 | T65: =_xlfn.XLOOKUP(B65,'30'!$A:$A,'30'!$G:$G,"pipino il breve") -> 67 | V65: =_xlfn.XLOOKUP(B65,'2'!$A:$A,'2'!$G:$G,"pipino il breve") -> 66.35 | Y65: =_xlfn.XLOOKUP(B65,'5'!$A:$A,'5'!$G:$G,"pipino il breve") -> 66.34 | Z65: =_xlfn.XLOOKUP(B65,'6'!$A:$A,'6'!$G:$G,"pipino il breve") -> 66.08 | AA65: =_xlfn.XLOOKUP(B65,'7'!$A:$A,'7'!$G:$G,"pipino il breve") -> 67.03 | AB65: =_xlfn.XLOOKUP(B65,'8'!$A:$A,'8'!$G:$G,"pipino il breve") -> 66.69 | AC65: =_xlfn.XLOOKUP(B65,'9'!$A:$A,'9'!$G:$G,"pipino il breve") -> 66.29 | AF65: =_xlfn.XLOOKUP(B65,'12'!$A:$A,'12'!$G:$G,"pipino il breve") -> 65.92 | AG65: =_xlfn.XLOOKUP(B65,'13'!$A:$A,'13'!$G:$G,"pipino il breve") -> 65.4 | AH65: =_xlfn.XLOOKUP(B65,'14'!$A:$A,'14'!$G:$G,"pipino il breve") -> 65.44 | AI65: =_xlfn.XLOOKUP(B65,'15'!$A:$A,'15'!$G:$G,"pipino il breve") -> 66.21
... A110: 109 | B110: IT0005647273 | C110: 1.275 | D110: 15/05/2056 | E110: =_xlfn.XLOOKUP(B110,'15a'!$A:$A,'15a'!$G:$G,"pipino il breve") -> 100.6 | F110: =_xlfn.XLOOKUP(B110,'16a'!$A:$A,'16a'!$G:$G,"pipino il breve") -> 100.6 | G110: =_xlfn.XLOOKUP(B110,'17a'!$A:$A,'17a'!$G:$G,"pipino il breve") -> 100.6 | L110: =_xlfn.XLOOKUP(B110,'22a'!$A:$A,'22a'!$G:$G,"pipino il breve") -> 100.6 | M110: =_xlfn.XLOOKUP(B110,'23a'!$A:$A,'23a'!$G:$G,"pipino il breve") -> 100.6 | N110: =_xlfn.XLOOKUP(B110,'24a'!$A:$A,'24a'!$G:$G,"pipino il breve") -> 101.76 | O110: 101.64 | R110: =_xlfn.XLOOKUP(B110,'28'!$A:$A,'28'!$G:$G,"pipino il breve") -> 100.85 | S110: =_xlfn.XLOOKUP(B110,'29'!$A:$A,'29'!$G:$G,"pipino il breve") -> 100.2 | T110: =_xlfn.XLOOKUP(B110,'30'!$A:$A,'30'!$G:$G,"pipino il breve") -> 100.86 | V110: =_xlfn.XLOOKUP(B110,'2'!$A:$A,'2'!$G:$G,"pipino il breve") -> 100.6 | Y110: =_xlfn.XLOOKUP(B110,'5'!$A:$A,'5'!$G:$G,"pipino il breve") -> 100.43 | Z110: =_xlfn.XLOOKUP(B110,'6'!$A:$A,'6'!$G:$G,"pipino il breve") -> 99.85 | AA110: =_xlfn.XLOOKUP(B110,'7'!$A:$A,'7'!$G:$G,"pipino il breve") -> 101.5 | AB110: =_xlfn.XLOOKUP(B110,'8'!$A:$A,'8'!$G:$G,"pipino il breve") -> 101.45 | AC110: =_xlfn.XLOOKUP(B110,'9'!$A:$A,'9'!$G:$G,"pipino il breve") -> 100.75 | AF110: =_xlfn.XLOOKUP(B110,'12'!$A:$A,'12'!$G:$G,"pipino il breve") -> 100.94 | AG110: =_xlfn.XLOOKUP(B110,'13'!$A:$A,'13'!$G:$G,"pipino il breve") -> 100.55 | AH110: =_xlfn.XLOOKUP(B110,'14'!$A:$A,'14'!$G:$G,"pipino il breve") -> 100.69 | AI110: =_xlfn.XLOOKUP(B110,'15'!$A:$A,'15'!$G:$G,"pipino il breve") -> 101.33

Sheet maggio
A1: ID | B1: ISIN | C1: Coupon | D1: Maturity | E1: 45772 | F1: 45773 | G1: 45774 | H1: 45775 | I1: 45776 | J1: 45777 | K1: 45778 | L1: 45779 | M1: 45780 | N1: 45781 | O1: 45782 | P1: 45783 | Q1: 45784 | R1: 45785 | S1: 45786 | T1: 45787 | U1: 45788 | V1: 45789 | W1: 45790 | X1: 45791 | Y1: 45792 | Z1: 45793 | AA1: 45794 | AB1: 45795 | AC1: 45796 | AD1: 45797 | AE1: 45798 | AF1: 45799 | AG1: 45800 | AH1: 45801 | AI1: 45802 | AJ1: 45803 | AK1: 45804
A2: 1 | B2: IT0003256820 | C2: 2.875 | D2: 01/02/2033 | E2: 117.52 | F2: 117.52 | G2: 117.52 | H2: =_xlfn.XLOOKUP(B2,'28'!$A:$A,'28'!$G:$G,"pipino il breve") -> 117.4 | I2: =_xlfn.XLOOKUP(B2,'29'!$A:$A,'29'!$G:$G,"pipino il breve") -> 117.36 | J2: =_xlfn.XLOOKUP(B2,'30'!$A:$A,'30'!$G:$G,"pipino il breve") -> 117.71 | K2: =_xlfn.XLOOKUP(B2,'30'!$A:$A,'30'!$G:$G,"pipino il breve") -> 117.71 | L2: =_xlfn.XLOOKUP(B2,'2'!$A:$A,'2'!$G:$G,"pipino il breve") -> 117.24 | M2: =_xlfn.XLOOKUP(B2,'2'!$A:$A,'2'!$G:$G,"pipino il breve") -> 117.24 | N2: =_xlfn.XLOOKUP(B2,'2'!$A:$A,'2'!$G:$G,"pipino il breve") -> 117.24 | O2: =_xlfn.XLOOKUP(B2,'5'!$A:$A,'5'!$G:$G,"pipino il breve") -> 117.4 | P2: =_xlfn.XLOOKUP(B2,'6'!$A:$A,'6'!$G:$G,"pipino il breve") -> 117.25 | Q2: =_xlfn.XLOOKUP(B2,'7'!$A:$A,'7'!$G:$G,"pipino il breve") -> 117.67 | R2: =_xlfn.XLOOKUP(B2,'8'!$A:$A,'8'!$G:$G,"pipino il breve") -> 117.56 | S2: =_xlfn.XLOOKUP(B2,'9'!$A:$A,'9'!$G:$G,"pipino il breve") -> 117.32 | T2: =_xlfn.XLOOKUP(B2,'9'!$A:$A,'9'!$G:$G,"pipino il breve") -> 117.32 | U2: =_xlfn.XLOOKUP(B2,'9'!$A:$A,'9'!$G:$G,"pipino il breve") -> 117.32 | V2: =_xlfn.XLOOKUP(B2,'12'!$A:$A,'12'!$G:$G,"pipino il breve") -> 116.74 | W2: =_xlfn.XLOOKUP(B2,'13'!$A:$A,'13'!$G:$G,"pipino il breve") -> 116.59 | X2: =_xlfn.XLOOKUP(B2,'14'!$A:$A,'14'!$G:$G,"pipino il breve") -> 116.5 | Y2: =_xlfn.XLOOKUP(B2,'15'!$A:$A,'15'!$G:$G,"pipino il breve") -> 116.98 | Z2: =_xlfn.XLOOKUP(B2,'16'!$A:$A,'16'!$G:$G,"pipino il breve") -> 117.27 | AA2: =_xlfn.XLOOKUP(B2,'16'!$A:$A,'16'!$G:$G,"pipino il breve") -> 117.27 | AB2: =_xlfn.XLOOKUP(B2,'16'!$A:$A,'16'!$G:$G,"pipino il breve") -> 117.27 | AC2: =_xlfn.XLOOKUP(B2,'19'!$A:$A,'19'!$G:$G,"pipino il breve") -> 117.35 | AD2: =_xlfn.XLOOKUP(B2,'20'!$A:$A,'20'!$G:$G,"pipino il breve") -> 117.17 | AE2: =_xlfn.XLOOKUP(B2,'21'!$A:$A,'21'!$G:$G,"pipino il breve") -> 117.09 | AF2: =_xlfn.XLOOKUP(B2,'22'!$A:$A,'22'!$G:$G,"pipino il breve") -> 116.94 | AG2: =_xlfn.XLOOKUP(B2,'23'!$A:$A,'23'!$G:$G,"pipino il breve") -> 117.38 | AH2: =_xlfn.XLOOKUP(B2,'23'!$A:$A,'23'!$G:$G,"pipino il breve") -> 117.38 | AI2: =_xlfn.XLOOKUP(B2,'23'!$A:$A,'23'!$G:$G,"pipino il breve") -> 117.38 | AJ2: =_xlfn.XLOOKUP(B2,'26'!$A:$A,'26'!$G:$G,"pipino il breve") -> 117.61 | AK2: =_xlfn.XLOOKUP(B2,'27'!$A:$A,'27'!$G:$G,"pipino il breve") -> 117.71
A3: 2 | B3: IT0005240830 | C3: 1.1 | D3: 01/06/2027 | E3: 100.58 | F3: 100.58 | G3: 100.58 | H3: =_xlfn.XLOOKUP(B3,'28'!$A:$A,'28'!$G:$G,"pipino il breve") -> 100.6 | I3: =_xlfn.XLOOKUP(B3,'29'!$A:$A,'29'!$G:$G,"pipino il breve") -> 100.57 | J3: =_xlfn.XLOOKUP(B3,'30'!$A:$A,'30'!$G:$G,"pipino il breve") -> 100.63 | K3: =_xlfn.XLOOKUP(B3,'30'!$A:$A,'30'!$G:$G,"pipino il breve") -> 100.63 | L3: =_xlfn.XLOOKUP(B3,'2'!$A:$A,'2'!$G:$G,"pipino il breve") -> 100.54 | M3: =_xlfn.XLOOKUP(B3,'2'!$A:$A,'2'!$G:$G,"pipino il breve") -> 100.54 | N3: =_xlfn.XLOOKUP(B3,'2'!$A:$A,'2'!$G:$G,"pipino il breve") -> 100.54 | O3: =_xlfn.XLOOKUP(B3,'5'!$A:$A,'5'!$G:$G,"pipino il breve") -> 100.54 | P3: =_xlfn.XLOOKUP(B3,'6'!$A:$A,'6'!$G:$G,"pipino il breve") -> 100.52 | Q3: =_xlfn.XLOOKUP(B3,'7'!$A:$A,'7'!$G:$G,"pipino il breve") -> 100.67 | R3: =_xlfn.XLOOKUP(B3,'8'!$A:$A,'8'!$G:$G,"pipino il breve") -> 100.56 | S3: =_xlfn.XLOOKUP(B3,'9'!$A:$A,'9'!$G:$G,"pipino il breve") -> 100.5 | T3: =_xlfn.XLOOKUP(B3,'9'!$A:$A,'9'!$G:$G,"pipino il breve") -> 100.5 | U3: =_xlfn.XLOOKUP(B3,'9'!$A:$A,'9'!$G:$G,"pipino il breve") -> 100.5 | V3: =_xlfn.XLOOKUP(B3,'12'!$A:$A,'12'!$G:$G,"pipino il breve") -> 100.29 | W3: =_xlfn.XLOOKUP(B3,'13'!$A:$A,'13'!$G:$G,"pipino il breve") -> 100.2 | X3: =_xlfn.XLOOKUP(B3,'14'!$A:$A,'14'!$G:$G,"pipino il breve") -> 100.28 | Y3: =_xlfn.XLOOKUP(B3,'15'!$A:$A,'15'!$G:$G,"pipino il breve") -> 100.37 | Z3: =_xlfn.XLOOKUP(B3,'16'!$A:$A,'16'!$G:$G,"pipino il breve") -> 100.4 | AA3: =_xlfn.XLOOKUP(B3,'16'!$A:$A,'16'!$G:$G,"pipino il breve") -> 100.4 | AB3: =_xlfn.XLOOKUP(B3,'16'!$A:$A,'16'!$G:$G,"pipino il breve") -> 100.4 | AC3: =_xlfn.XLOOKUP(B3,'19'!$A:$A,'19'!$G:$G,"pipino il breve") -> 100.44 | AD3: =_xlfn.XLOOKUP(B3,'20'!$A:$A,'20'!$G:$G,"pipino il breve") -> 100.41 | AE3: =_xlfn.XLOOKUP(B3,'21'!$A:$A,'21'!$G:$G,"pipino il breve") -> 100.4 | AF3: =_xlfn.XLOOKUP(B3,'22'!$A:$A,'22'!$G:$G,"pipino il breve") -> 100.43 | AG3: =_xlfn.XLOOKUP(B3,'23'!$A:$A,'23'!$G:$G,"pipino il breve") -> 100.69 | AH3: =_xlfn.XLOOKUP(B3,'23'!$A:$A,'23'!$G:$G,"pipino il breve") -> 100.69 | AI3: =_xlfn.XLOOKUP(B3,'23'!$A:$A,'23'!$G:$G,"pipino il breve") -> 100.69 | AJ3: =_xlfn.XLOOKUP(B3,'26'!$A:$A,'26'!$G:$G,"pipino il breve") -> 100.3 | AK3: =_xlfn.XLOOKUP(B3,'27'!$A:$A,'27'!$G:$G,"pipino il breve") -> 100.52
A4: 3 | B4: IT0005323032 | C4: 1 | D4: 01/02/2028 | E4: 99.79 | F4: 99.79 | G4: 99.79 | H4: =_xlfn.XLOOKUP(B4,'28'!$A:$A,'28'!$G:$G,"pipino il breve") -> 99.87 | I4: =_xlfn.XLOOKUP(B4,'29'!$A:$A,'29'!$G:$G,"pipino il breve") -> 99.85 | J4: =_xlfn.XLOOKUP(B4,'30'!$A:$A,'30'!$G:$G,"pipino il breve") -> 99.93 | K4: =_xlfn.XLOOKUP(B4,'30'!$A:$A,'30'!$G:$G,"pipino il breve") -> 99.93 | L4: =_xlfn.XLOOKUP(B4,'2'!$A:$A,'2'!$G:$G,"pipino il breve") -> 99.9 | M4: =_xlfn.XLOOKUP(B4,'2'!$A:$A,'2'!$G:$G,"pipino il breve") -> 99.9 | N4: =_xlfn.XLOOKUP(B4,'2'!$A:$A,'2'!$G:$G,"pipino il breve") -> 99.9 | O4: =_xlfn.XLOOKUP(B4,'5'!$A:$A,'5'!$G:$G,"pipino il breve") -> 99.82 | P4: =_xlfn.XLOOKUP(B4,'6'!$A:$A,'6'!$G:$G,"pipino il breve") -> 99.81 | Q4: =_xlfn.XLOOKUP(B4,'7'!$A:$A,'7'!$G:$G,"pipino il breve") -> 99.92 | R4: =_xlfn.XLOOKUP(B4,'8'!$A:$A,'8'!$G:$G,"pipino il breve") -> 99.84 | S4: =_xlfn.XLOOKUP(B4,'9'!$A:$A,'9'!$G:$G,"pipino il breve") -> 99.77 | T4: =_xlfn.XLOOKUP(B4,'9'!$A:$A,'9'!$G:$G,"pipino il breve") -> 99.77 | U4: =_xlfn.XLOOKUP(B4,'9'!$A:$A,'9'!$G:$G,"pipino il breve") -> 99.77 | V4: =_xlfn.XLOOKUP(B4,'12'!$A:$A,'12'!$G:$G,"pipino il breve") -> 99.47 | W4: =_xlfn.XLOOKUP(B4,'13'!$A:$A,'13'!$G:$G,"pipino il breve") -> 99.41 | X4: =_xlfn.XLOOKUP(B4,'14'!$A:$A,'14'!$G:$G,"pipino il breve") -> 99.45 | Y4: =_xlfn.XLOOKUP(B4,'15'!$A:$A,'15'!$G:$G,"pipino il breve") -> 99.5 | Z4: =_xlfn.XLOOKUP(B4,'16'!$A:$A,'16'!$G:$G,"pipino il breve") -> 99.66 | AA4: =_xlfn.XLOOKUP(B4,'16'!$A:$A,'16'!$G:$G,"pipino il breve") -> 99.66 | AB4: =_xlfn.XLOOKUP(B4,'16'!$A:$A,'16'!$G:$G,"pipino il breve") -> 99.66 | AC4: =_xlfn.XLOOKUP(B4,'19'!$A:$A,'19'!$G:$G,"pipino il breve") -> 99.71 | AD4: =_xlfn.XLOOKUP(B4,'20'!$A:$A,'20'!$G:$G,"pipino il breve") -> 99.71 | AE4: =_xlfn.XLOOKUP(B4,'21'!$A:$A,'21'!$G:$G,"pipino il breve") -> 99.64 | AF4: =_xlfn.XLOOKUP(B4,'22'!$A:$A,'22'!$G:$G,"pipino il breve") -> 99.68 | AG4: =_xlfn.XLOOKUP(B4,'23'!$A:$A,'23'!$G:$G,"pipino il breve") -> 99.82 | AH4: =_xlfn.XLOOKUP(B4,'23'!$A:$A,'23'!$G:$G,"pipino il breve") -> 99.82 | AI4: =_xlfn.XLOOKUP(B4,'23'!$A:$A,'23'!$G:$G,"pipino il breve") -> 99.82 | AJ4: =_xlfn.XLOOKUP(B4,'26'!$A:$A,'26'!$G:$G,"pipino il breve") -> 99.82 | AK4: =_xlfn.XLOOKUP(B4,'27'!$A:$A,'27'!$G:$G,"pipino il breve") -> 99.79
A5: 4 | B5: IT0005365165 | C5: 1.5 | D5: 01/08/2029 | E5: 102.36 | F5: 102.36 | G5: 102.36 | H5: =_xlfn.XLOOKUP(B5,'28'!$A:$A,'28'!$G:$G,"pipino il breve") -> 102.35 | I5: =_xlfn.XLOOKUP(B5,'29'!$A:$A,'29'!$G:$G,"pipino il breve") -> 102.28 | J5: =_xlfn.XLOOKUP(B5,'30'!$A:$A,'30'!$G:$G,"pipino il breve") -> 102.48 | K5: =_xlfn.XLOOKUP(B5,'30'!$A:$A,'30'!$G:$G,"pipino il breve") -> 102.48 | L5: =_xlfn.XLOOKUP(B5,'2'!$A:$A,'2'!$G:$G,"pipino il breve") -> 102.31 | M5: =_xlfn.XLOOKUP(B5,'2'!$A:$A,'2'!$G:$G,"pipino il breve") -> 102.31 | N5: =_xlfn.XLOOKUP(B5,'2'!$A:$A,'2'!$G:$G,"pipino il breve") -> 102.31 | O5: =_xlfn.XLOOKUP(B5,'5'!$A:$A,'5'!$G:$G,"pipino il breve") -> 102.3 | P5: =_xlfn.XLOOKUP(B5,'6'!$A:$A,'6'!$G:$G,"pipino il breve") -> 102.29 | Q5: =_xlfn.XLOOKUP(B5,'7'!$A:$A,'7'!$G:$G,"pipino il breve") -> 102.52 | R5: =_xlfn.XLOOKUP(B5,'8'!$A:$A,'8'!$G:$G,"pipino il breve") -> 102.23 | S5: =_xlfn.XLOOKUP(B5,'9'!$A:$A,'9'!$G:$G,"pipino il breve") -> 102.25 | T5: =_xlfn.XLOOKUP(B5,'9'!$A:$A,'9'!$G:$G,"pipino il breve") -> 102.25 | U5: =_xlfn.XLOOKUP(B5,'9'!$A:$A,'9'!$G:$G,"pipino il breve") -> 102.25 | V5: =_xlfn.XLOOKUP(B5,'12'!$A:$A,'12'!$G:$G,"pipino il breve") -> 101.84 | W5: =_xlfn.XLOOKUP(B5,'13'!$A:$A,'13'!$G:$G,"pipino il breve") -> 101.79 | X5: =_xlfn.XLOOKUP(B5,'14'!$A:$A,'14'!$G:$G,"pipino il breve") -> 101.77 | Y5: =_xlfn.XLOOKUP(B5,'15'!$A:$A,'15'!$G:$G,"pipino il breve") -> 102.29 | Z5: =_xlfn.XLOOKUP(B5,'16'!$A:$A,'16'!$G:$G,"pipino il breve") -> 102.17 | AA5: =_xlfn.XLOOKUP(B5,'16'!$A:$A,'16'!$G:$G,"pipino il breve") -> 102.17 | AB5: =_xlfn.XLOOKUP(B5,'16'!$A:$A,'16'!$G:$G,"pipino il breve") -> 102.17 | AC5: =_xlfn.XLOOKUP(B5,'19'!$A:$A,'19'!$G:$G,"pipino il breve") -> 102.16 | AD5: =_xlfn.XLOOKUP(B5,'20'!$A:$A,'20'!$G:$G,"pipino il breve") -> 102.11 | AE5: =_xlfn.XLOOKUP(B5,'21'!$A:$A,'21'!$G:$G,"pipino il breve") -> 102.04 | AF5: =_xlfn.XLOOKUP(B5,'22'!$A:$A,'22'!$G:$G,"pipino il breve") -> 102.05 | AG5: =_xlfn.XLOOKUP(B5,'23'!$A:$A,'23'!$G:$G,"pipino il breve") -> 102.28 | AH5: =_xlfn.XLOOKUP(B5,'23'!$A:$A,'23'!$G:$G,"pipino il breve") -> 102.28 | AI5: =_xlfn.XLOOKUP(B5,'23'!$A:$A,'23'!$G:$G,"pipino il breve") -> 102.28 | AJ5: =_xlfn.XLOOKUP(B5,'26'!$A:$A,'26'!$G:$G,"pipino il breve") -> 102.29 | AK5: =_xlfn.XLOOKUP(B5,'27'!$A:$A,'27'!$G:$G,"pipino il breve") -> 102.31
A6: 5 | B6: IT0005582421 | C6: 2.075 | D6: 01/10/2039 | E6: 102.48 | F6: 102.48 | G6: 102.48 | H6: =_xlfn.XLOOKUP(B6,'28'!$A:$A,'28'!$G:$G,"pipino il breve") -> 102.27 | I6: =_xlfn.XLOOKUP(B6,'29'!$A:$A,'29'!$G:$G,"pipino il breve") -> 102.21 | J6: =_xlfn.XLOOKUP(B6,'30'!$A:$A,'30'!$G:$G,"pipino il breve") -> 102.58 | K6: =_xlfn.XLOOKUP(B6,'30'!$A:$A,'30'!$G:$G,"pipino il breve") -> 102.58 | L6: =_xlfn.XLOOKUP(B6,'2'!$A:$A,'2'!$G:$G,"pipino il breve") -> 102.18 | M6: =_xlfn.XLOOKUP(B6,'2'!$A:$A,'2'!$G:$G,"pipino il breve") -> 102.18 | N6: =_xlfn.XLOOKUP(B6,'2'!$A:$A,'2'!$G:$G,"pipino il breve") -> 102.18 | O6: =_xlfn.XLOOKUP(B6,'5'!$A:$A,'5'!$G:$G,"pipino il breve") -> 102.15 | P6: =_xlfn.XLOOKUP(B6,'6'!$A:$A,'6'!$G:$G,"pipino il breve") -> 101.96 | Q6: =_xlfn.XLOOKUP(B6,'7'!$A:$A,'7'!$G:$G,"pipino il breve") -> 102.73 | R6: =_xlfn.XLOOKUP(B6,'8'!$A:$A,'8'!$G:$G,"pipino il breve") -> 102.5 | S6: =_xlfn.XLOOKUP(B6,'9'!$A:$A,'9'!$G:$G,"pipino il breve") -> 102.1 | T6: =_xlfn.XLOOKUP(B6,'9'!$A:$A,'9'!$G:$G,"pipino il breve") -> 102.1 | U6: =_xlfn.XLOOKUP(B6,'9'!$A:$A,'9'!$G:$G,"pipino il breve") -> 102.1 | V6: =_xlfn.XLOOKUP(B6,'12'!$A:$A,'12'!$G:$G,"pipino il breve") -> 101.61 | W6: =_xlfn.XLOOKUP(B6,'13'!$A:$A,'13'!$G:$G,"pipino il breve") -> 101.22 | X6: =_xlfn.XLOOKUP(B6,'14'!$A:$A,'14'!$G:$G,"pipino il breve") -> 101.24 | Y6: =_xlfn.XLOOKUP(B6,'15'!$A:$A,'15'!$G:$G,"pipino il breve") -> 101.99 | Z6: =_xlfn.XLOOKUP(B6,'16'!$A:$A,'16'!$G:$G,"pipino il breve") -> 102.46 | AA6: =_xlfn.XLOOKUP(B6,'16'!$A:$A,'16'!$G:$G,"pipino il breve") -> 102.46 | AB6: =_xlfn.XLOOKUP(B6,'16'!$A:$A,'16'!$G:$G,"pipino il breve") -> 102.46 | AC6: =_xlfn.XLOOKUP(B6,'19'!$A:$A,'19'!$G:$G,"pipino il breve") -> 102.41 | AD6: =_xlfn.XLOOKUP(B6,'20'!$A:$A,'20'!$G:$G,"pipino il breve") -> 102.12 | AE6: =_xlfn.XLOOKUP(B6,'21'!$A:$A,'21'!$G:$G,"pipino il breve") -> 101.84 | AF6: =_xlfn.XLOOKUP(B6,'22'!$A:$A,'22'!$G:$G,"pipino il breve") -> 101.59 | AG6: =_xlfn.XLOOKUP(B6,'23'!$A:$A,'23'!$G:$G,"pipino il breve") -> 102.03 | AH6: =_xlfn.XLOOKUP(B6,'23'!$A:$A,'23'!$G:$G,"pipino il breve") -> 102.03 | AI6: =_xlfn.XLOOKUP(B6,'23'!$A:$A,'23'!$G:$G,"pipino il breve") -> 102.03 | AJ6: =_xlfn.XLOOKUP(B6,'26'!$A:$A,'26'!$G:$G,"pipino il breve") -> 102.56 | AK6: =_xlfn.XLOOKUP(B6,'27'!$A:$A,'27'!$G:$G,"pipino il breve") -> 102.99
A7: 6 | B7: IT0005436693 | C7: 0.3 | D7: 01/08/2031 | E7: 86.93 | F7: 86.93 | G7: 86.93 | H7: =_xlfn.XLOOKUP(B7,'28'!$A:$A,'28'!$G:$G,"pipino il breve") -> 86.88 | I7: =_xlfn.XLOOKUP(B7,'29'!$A:$A,'29'!$G:$G,"pipino il breve") -> 86.91 | J7: =_xlfn.XLOOKUP(B7,'30'!$A:$A,'30'!$G:$G,"pipino il breve") -> 87.13 | K7: =_xlfn.XLOOKUP(B7,'30'!$A:$A,'30'!$G:$G,"pipino il breve") -> 87.13 | L7: =_xlfn.XLOOKUP(B7,'2'!$A:$A,'2'!$G:$G,"pipino il breve") -> 86.86 | M7: =_xlfn.XLOOKUP(B7,'2'!$A:$A,'2'!$G:$G,"pipino il breve") -> 86.86 | N7: =_xlfn.XLOOKUP(B7,'2'!$A:$A,'2'!$G:$G,"pipino il breve") -> 86.86 | O7: =_xlfn.XLOOKUP(B7,'5'!$A:$A,'5'!$G:$G,"pipino il breve") -> 86.92 | P7: =_xlfn.XLOOKUP(B7,'6'!$A:$A,'6'!$G:$G,"pipino il breve") -> 86.92 | Q7: =_xlfn.XLOOKUP(B7,'7'!$A:$A,'7'!$G:$G,"pipino il breve") -> 87.2 | R7: =_xlfn.XLOOKUP(B7,'8'!$A:$A,'8'!$G:$G,"pipino il breve") -> 87.1 | S7: =_xlfn.XLOOKUP(B7,'9'!$A:$A,'9'!$G:$G,"pipino il breve") -> 86.94 | T7: =_xlfn.XLOOKUP(B7,'9'!$A:$A,'9'!$G:$G,"pipino il breve") -> 86.94 | U7: =_xlfn.XLOOKUP(B7,'9'!$A:$A,'9'!$G:$G,"pipino il breve") -> 86.94 | V7: =_xlfn.XLOOKUP(B7,'12'!$A:$A,'12'!$G:$G,"pipino il breve") -> 86.51 | W7: =_xlfn.XLOOKUP(B7,'13'!$A:$A,'13'!$G:$G,"pipino il breve") -> 86.4 | X7: =_xlfn.XLOOKUP(B7,'14'!$A:$A,'14'!$G:$G,"pipino il breve") -> 86.36 | Y7: =_xlfn.XLOOKUP(B7,'15'!$A:$A,'15'!$G:$G,"pipino il breve") -> 86.7 | Z7: =_xlfn.XLOOKUP(B7,'16'!$A:$A,'16'!$G:$G,"pipino il breve") -> 86.91 | AA7: =_xlfn.XLOOKUP(B7,'16'!$A:$A,'16'!$G:$G,"pipino il breve") -> 86.91 | AB7: =_xlfn.XLOOKUP(B7,'16'!$A:$A,'16'!$G:$G,"pipino il breve") -> 86.91 | AC7: =_xlfn.XLOOKUP(B7,'19'!$A:$A,'19'!$G:$G,"pipino il breve") -> 86.98 | AD7: =_xlfn.XLOOKUP(B7,'20'!$A:$A,'20'!$G:$G,"pipino il breve") -> 86.97 | AE7: =_xlfn.XLOOKUP(B7,'21'!$A:$A,'21'!$G:$G,"pipino il breve") -> 86.83 | AF7: =_xlfn.XLOOKUP(B7,'22'!$A:$A,'22'!$G:$G,"pipino il breve") -> 86.79 | AG7: =_xlfn.XLOOKUP(B7,'23'!$A:$A,'23'!$G:$G,"pipino il breve") -> 87.07 | AH7: =_xlfn.XLOOKUP(B7,'23'!$A:$A,'23'!$G:$G,"pipino il breve") -> 87.07 | AI7: =_xlfn.XLOOKUP(B7,'23'!$A:$A,'23'!$G:$G,"pipino il breve") -> 87.07 | AJ7: =_xlfn.XLOOKUP(B7,'26'!$A:$A,'26'!$G:$G,"pipino il breve") -> 87.21 | AK7: =_xlfn.XLOOKUP(B7,'27'!$A:$A,'27'!$G:$G,"pipino il breve") -> 87.28
A8: 7 | B8: IT0004923998 | C8: 2.375 | D8: 01/09/2044 | E8: 108.74 | F8: 108.74 | G8: 108.74 | H8: =_xlfn.XLOOKUP(B8,'28'!$A:$A,'28'!$G:$G,"pipino il breve") -> 108.57 | I8: =_xlfn.XLOOKUP(B8,'29'!$A:$A,'29'!$G:$G,"pipino il breve") -> 108.41 | J8: =_xlfn.XLOOKUP(B8,'30'!$A:$A,'30'!$G:$G,"pipino il breve") -> 108.82 | K8: =_xlfn.XLOOKUP(B8,'30'!$A:$A,'30'!$G:$G,"pipino il breve") -> 108.82 | L8: =_xlfn.XLOOKUP(B8,'2'!$A:$A,'2'!$G:$G,"pipino il breve") -> 108.14 | M8: =_xlfn.XLOOKUP(B8,'2'!$A:$A,'2'!$G:$G,"pipino il breve") -> 108.14 | N8: =_xlfn.XLOOKUP(B8,'2'!$A:$A,'2'!$G:$G,"pipino il breve") -> 108.14 | O8: =_xlfn.XLOOKUP(B8,'5'!$A:$A,'5'!$G:$G,"pipino il breve") -> 108.34 | P8: =_xlfn.XLOOKUP(B8,'6'!$A:$A,'6'!$G:$G,"pipino il breve") -> 108.05 | Q8: =_xlfn.XLOOKUP(B8,'7'!$A:$A,'7'!$G:$G,"pipino il breve") -> 108.96 | R8: =_xlfn.XLOOKUP(B8,'8'!$A:$A,'8'!$G:$G,"pipino il breve") -> 108.58 | S8: =_xlfn.XLOOKUP(B8,'9'!$A:$A,'9'!$G:$G,"pipino il breve") -> 108.15 | T8: =_xlfn.XLOOKUP(B8,'9'!$A:$A,'9'!$G:$G,"pipino il breve") -> 108.15 | U8: =_xlfn.XLOOKUP(B8,'9'!$A:$A,'9'!$G:$G,"pipino il breve") -> 108.15 | V8: =_xlfn.XLOOKUP(B8,'12'!$A:$A,'12'!$G:$G,"pipino il breve") -> 107.6 | W8: =_xlfn.XLOOKUP(B8,'13'!$A:$A,'13'!$G:$G,"pipino il breve") -> 107.16 | X8: =_xlfn.XLOOKUP(B8,'14'!$A:$A,'14'!$G:$G,"pipino il breve") -> 107.17 | Y8: =_xlfn.XLOOKUP(B8,'15'!$A:$A,'15'!$G:$G,"pipino il breve") -> 108.08 | Z8: =_xlfn.XLOOKUP(B8,'16'!$A:$A,'16'!$G:$G,"pipino il breve") -> 108.6 | AA8: =_xlfn.XLOOKUP(B8,'16'!$A:$A,'16'!$G:$G,"pipino il breve") -> 108.6 | AB8: =_xlfn.XLOOKUP(B8,'16'!$A:$A,'16'!$G:$G,"pipino il breve") -> 108.6 | AC8: =_xlfn.XLOOKUP(B8,'19'!$A:$A,'19'!$G:$G,"pipino il breve") -> 108.6 | AD8: =_xlfn.XLOOKUP(B8,'20'!$A:$A,'20'!$G:$G,"pipino il breve") -> 108.17 | AE8: =_xlfn.XLOOKUP(B8,'21'!$A:$A,'21'!$G:$G,"pipino il breve") -> 107.78 | AF8: =_xlfn.XLOOKUP(B8,'22'!$A:$A,'22'!$G:$G,"pipino il breve") -> 107.3 | AG8: =_xlfn.XLOOKUP(B8,'23'!$A:$A,'23'!$G:$G,"pipino il breve") -> 107.98 | AH8: =_xlfn.XLOOKUP(B8,'23'!$A:$A,'23'!$G:$G,"pipino il breve") -> 107.98 | AI8: =_xlfn.XLOOKUP(B8,'23'!$A:$A,'23'!$G:$G,"pipino il breve") -> 107.98 | AJ8: =_xlfn.XLOOKUP(B8,'26'!$A:$A,'26'!$G:$G,"pipino il breve") -> 108.56 | AK8: =_xlfn.XLOOKUP(B8,'27'!$A:$A,'27'!$G:$G,"pipino il breve") -> 109.24
A9: 8 | B9: IT0005024234 | C9: 1.75 | D9: 01/03/2030 | E9: 104.38 | F9: 104.38 | G9: 104.38 | H9: =_xlfn.XLOOKUP(B9,'28'!$A:$A,'28'!$G:$G,"pipino il breve") -> 104.46 | I9: =_xlfn.XLOOKUP(B9,'29'!$A:$A,'29'!$G:$G,"pipino il breve") -> 104.4 | J9: =_xlfn.XLOOKUP(B9,'30'!$A:$A,'30'!$G:$G,"pipino il breve") -> 104.51 | K9: =_xlfn.XLOOKUP(B9,'30'!$A:$A,'30'!$G:$G,"pipino il breve") -> 104.51 | L9: =_xlfn.XLOOKUP(B9,'2'!$A:$A,'2'!$G:$G,"pipino il breve") -> 104.37 | M9: =_xlfn.XLOOKUP(B9,'2'!$A:$A,'2'!$G:$G,"pipino il breve") -> 104.37 | N9: =_xlfn.XLOOKUP(B9,'2'!$A:$A,'2'!$G:$G,"pipino il breve") -> 104.37 | O9: =_xlfn.XLOOKUP(B9,'5'!$A:$A,'5'!$G:$G,"pipino il breve") -> 104.36 | P9: =_xlfn.XLOOKUP(B9,'6'!$A:$A,'6'!$G:$G,"pipino il breve") -> 104.4 | Q9: =_xlfn.XLOOKUP(B9,'7'!$A:$A,'7'!$G:$G,"pipino il breve") -> 104.6 | R9: =_xlfn.XLOOKUP(B9,'8'!$A:$A,'8'!$G:$G,"pipino il breve") -> 104.45 | S9: =_xlfn.XLOOKUP(B9,'9'!$A:$A,'9'!$G:$G,"pipino il breve") -> 104.28 | T9: =_xlfn.XLOOKUP(B9,'9'!$A:$A,'9'!$G:$G,"pipino il breve") -> 104.28 | U9: =_xlfn.XLOOKUP(B9,'9'!$A:$A,'9'!$G:$G,"pipino il breve") -> 104.28 | V9: =_xlfn.XLOOKUP(B9,'12'!$A:$A,'12'!$G:$G,"pipino il breve") -> 103.84 | W9: =_xlfn.XLOOKUP(B9,'13'!$A:$A,'13'!$G:$G,"pipino il breve") -> 103.78 | X9: =_xlfn.XLOOKUP(B9,'14'!$A:$A,'14'!$G:$G,"pipino il breve") -> 103.75 | Y9: =_xlfn.XLOOKUP(B9,'15'!$A:$A,'15'!$G:$G,"pipino il breve") -> 103.99 | Z9: =_xlfn.XLOOKUP(B9,'16'!$A:$A,'16'!$G:$G,"pipino il breve") -> 104.13 | AA9: =_xlfn.XLOOKUP(B9,'16'!$A:$A,'16'!$G:$G,"pipino il breve") -> 104.13 | AB9: =_xlfn.XLOOKUP(B9,'16'!$A:$A,'16'!$G:$G,"pipino il breve") -> 104.13 | AC9: =_xlfn.XLOOKUP(B9,'19'!$A:$A,'19'!$G:$G,"pipino il breve") -> 104.23 | AD9: =_xlfn.XLOOKUP(B9,'20'!$A:$A,'20'!$G:$G,"pipino il breve") -> 104.21 | AE9: =_xlfn.XLOOKUP(B9,'21'!$A:$A,'21'!$G:$G,"pipino il breve") -> 104.13 | AF9: =_xlfn.XLOOKUP(B9,'22'!$A:$A,'22'!$G:$G,"pipino il breve") -> 104.1 | AG9: =_xlfn.XLOOKUP(B9,'23'!$A:$A,'23'!$G:$G,"pipino il breve") -> 104.36 | AH9: =_xlfn.XLOOKUP(B9,'23'!$A:$A,'23'!$G:$G,"pipino il breve") -> 104.36 | AI9: =_xlfn.XLOOKUP(B9,'23'!$A:$A,'23'!$G:$G,"pipino il breve") -> 104.36 | AJ9: =_xlfn.XLOOKUP(B9,'26'!$A:$A,'26'!$G:$G,"pipino il breve") -> 104.42 | AK9: =_xlfn.XLOOKUP(B9,'27'!$A:$A,'27'!$G:$G,"pipino il breve") -> 104.4
A10: 9 | B10: IT0005094088 | C10: 0.825 | D10: 01/03/2032 | E10: 91.72 | F10: 91.72 | G10: 91.72 | H10: =_xlfn.XLOOKUP(B10,'28'!$A:$A,'28'!$G:$G,"pipino il breve") -> 91.68 | I10: =_xlfn.XLOOKUP(B10,'29'!$A:$A,'29'!$G:$G,"pipino il breve") -> 91.64 | J10: =_xlfn.XLOOKUP(B10,'30'!$A:$A,'30'!$G:$G,"pipino il breve") -> 91.9 | K10: =_xlfn.XLOOKUP(B10,'30'!$A:$A,'30'!$G:$G,"pipino il breve") -> 91.9 | L10: =_xlfn.XLOOKUP(B10,'2'!$A:$A,'2'!$G:$G,"pipino il breve") -> 91.64 | M10: =_xlfn.XLOOKUP(B10,'2'!$A:$A,'2'!$G:$G,"pipino il breve") -> 91.64 | N10: =_xlfn.XLOOKUP(B10,'2'!$A:$A,'2'!$G:$G,"pipino il breve") -> 91.64 | O10: =_xlfn.XLOOKUP(B10,'5'!$A:$A,'5'!$G:$G,"pipino il breve") -> 91.67 | P10: =_xlfn.XLOOKUP(B10,'6'!$A:$A,'6'!$G:$G,"pipino il breve") -> 91.62 | Q10: =_xlfn.XLOOKUP(B10,'7'!$A:$A,'7'!$G:$G,"pipino il breve") -> 92 | R10: =_xlfn.XLOOKUP(B10,'8'!$A:$A,'8'!$G:$G,"pipino il breve") -> 91.91 | S10: =_xlfn.XLOOKUP(B10,'9'!$A:$A,'9'!$G:$G,"pipino il breve") -> 91.66 | T10: =_xlfn.XLOOKUP(B10,'9'!$A:$A,'9'!$G:$G,"pipino il breve") -> 91.66 | U10: =_xlfn.XLOOKUP(B10,'9'!$A:$A,'9'!$G:$G,"pipino il breve") -> 91.66 | V10: =_xlfn.XLOOKUP(B10,'12'!$A:$A,'12'!$G:$G,"pipino il breve") -> 91.23 | W10: =_xlfn.XLOOKUP(B10,'13'!$A:$A,'13'!$G:$G,"pipino il breve") -> 91.1 | X10: =_xlfn.XLOOKUP(B10,'14'!$A:$A,'14'!$G:$G,"pipino il breve") -> 91.08 | Y10: =_xlfn.XLOOKUP(B10,'15'!$A:$A,'15'!$G:$G,"pipino il breve") -> 91.43 | Z10: =_xlfn.XLOOKUP(B10,'16'!$A:$A,'16'!$G:$G,"pipino il breve") -> 91.72 | AA10: =_xlfn.XLOOKUP(B10,'16'!$A:$A,'16'!$G:$G,"pipino il breve") -> 91.72 | AB10: =_xlfn.XLOOKUP(B10,'16'!$A:$A,'16'!$G:$G,"pipino il breve") -> 91.72 | AC10: =_xlfn.XLOOKUP(B10,'19'!$A:$A,'19'!$G:$G,"pipino il breve") -> 91.76 | AD10: =_xlfn.XLOOKUP(B10,'20'!$A:$A,'20'!$G:$G,"pipino il breve") -> 91.72 | AE10: =_xlfn.XLOOKUP(B10,'21'!$A:$A,'21'!$G:$G,"pipino il breve") -> 91.55 | AF10: =_xlfn.XLOOKUP(B10,'22'!$A:$A,'22'!$G:$G,"pipino il breve") -> 91.54 | AG10: =_xlfn.XLOOKUP(B10,'23'!$A:$A,'23'!$G:$G,"pipino il breve") -> 91.81 | AH10: =_xlfn.XLOOKUP(B10,'23'!$A:$A,'23'!$G:$G,"pipino il breve") -> 91.81 | AI10: =_xlfn.XLOOKUP(B10,'23'!$A:$A,'23'!$G:$G,"pipino il breve") -> 91.81 | AJ10: =_xlfn.XLOOKUP(B10,'26'!$A:$A,'26'!$G:$G,"pipino il breve") -> 91.95 | AK10: =_xlfn.XLOOKUP(B10,'27'!$A:$A,'27'!$G:$G,"pipino il breve") -> 92.09
A11: 10 | B11: IT0005170839 | C11: 0.8 | D11: 01/06/2026 | E11: 99.72 | F11: 99.72 | G11: 99.72 | H11: =_xlfn.XLOOKUP(B11,'28'!$A:$A,'28'!$G:$G,"pipino il breve") -> 99.75 | I11: =_xlfn.XLOOKUP(B11,'29'!$A:$A,'29'!$G:$G,"pipino il breve") -> 99.72 | J11: =_xlfn.XLOOKUP(B11,'30'!$A:$A,'30'!$G:$G,"pipino il breve") -> 99.76 | K11: =_xlfn.XLOOKUP(B11,'30'!$A:$A,'30'!$G:$G,"pipino il breve") -> 99.76 | L11: =_xlfn.XLOOKUP(B11,'2'!$A:$A,'2'!$G:$G,"pipino il breve") -> 99.68 | M11: =_xlfn.XLOOKUP(B11,'2'!$A:$A,'2'!$G:$G,"pipino il breve") -> 99.68 | N11: =_xlfn.XLOOKUP(B11,'2'!$A:$A,'2'!$G:$G,"pipino il breve") -> 99.68 | O11: =_xlfn.XLOOKUP(B11,'5'!$A:$A,'5'!$G:$G,"pipino il breve") -> 99.7 | P11: =_xlfn.XLOOKUP(B11,'6'!$A:$A,'6'!$G:$G,"pipino il breve") -> 99.71 | Q11: =_xlfn.XLOOKUP(B11,'7'!$A:$A,'7'!$G:$G,"pipino il breve") -> 99.75 | R11: =_xlfn.XLOOKUP(B11,'8'!$A:$A,'8'!$G:$G,"pipino il breve") -> 99.73 | S11: =_xlfn.XLOOKUP(B11,'9'!$A:$A,'9'!$G:$G,"pipino il breve") -> 99.75 | T11: =_xlfn.XLOOKUP(B11,'9'!$A:$A,'9'!$G:$G,"pipino il breve") -> 99.75 | U11: =_xlfn.XLOOKUP(B11,'9'!$A:$A,'9'!$G:$G,"pipino il breve") -> 99.75 | V11: =_xlfn.XLOOKUP(B11,'12'!$A:$A,'12'!$G:$G,"pipino il breve") -> 99.62 | W11: =_xlfn.XLOOKUP(B11,'13'!$A:$A,'13'!$G:$G,"pipino il breve") -> 99.9 | X11: =_xlfn.XLOOKUP(B11,'14'!$A:$A,'14'!$G:$G,"pipino il breve") -> 99.63 | Y11: =_xlfn.XLOOKUP(B11,'15'!$A:$A,'15'!$G:$G,"pipino il breve") -> 99.64 | Z11: =_xlfn.XLOOKUP(B11,'16'!$A:$A,'16'!$G:$G,"pipino il breve") -> 99.68 | AA11: =_xlfn.XLOOKUP(B11,'16'!$A:$A,'16'!$G:$G,"pipino il breve") -> 99.68 | AB11: =_xlfn.XLOOKUP(B11,'16'!$A:$A,'16'!$G:$G,"pipino il breve") -> 99.68 | AC11: =_xlfn.XLOOKUP(B11,'19'!$A:$A,'19'!$G:$G,"pipino il breve") -> 99.67 | AD11: =_xlfn.XLOOKUP(B11,'20'!$A:$A,'20'!$G:$G,"pipino il breve") -> 99.68 | AE11: =_xlfn.XLOOKUP(B11,'21'!$A:$A,'21'!$G:$G,"pipino il breve") -> 99.67 | AF11: =_xlfn.XLOOKUP(B11,'22'!$A:$A,'22'!$G:$G,"pipino il breve") -> 99.68 | AG11: =_xlfn.XLOOKUP(B11,'23'!$A:$A,'23'!$G:$G,"pipino il breve") -> 99.74 | AH11: =_xlfn.XLOOKUP(B11,'23'!$A:$A,'23'!$G:$G,"pipino il breve") -> 99.74 | AI11: =_xlfn.XLOOKUP(B11,'23'!$A:$A,'23'!$G:$G,"pipino il breve") -> 99.74 | AJ11: =_xlfn.XLOOKUP(B11,'26'!$A:$A,'26'!$G:$G,"pipino il breve") -> 99.74 | AK11: =_xlfn.XLOOKUP(B11,'27'!$A:$A,'27'!$G:$G,"pipino il breve") -> 99.72
A12: 11 | B12: IT0005177909 | C12: 1.125 | D12: 01/09/2036 | E12: 87.26 | F12: 87.26 | G12: 87.26 | H12: =_xlfn.XLOOKUP(B12,'28'!$A:$A,'28'!$G:$G,"pipino il breve") -> 87.17 | I12: =_xlfn.XLOOKUP(B12,'29'!$A:$A,'29'!$G:$G,"pipino il breve") -> 87.16 | J12: =_xlfn.XLOOKUP(B12,'30'!$A:$A,'30'!$G:$G,"pipino il breve") -> 87.48 | K12: =_xlfn.XLOOKUP(B12,'30'!$A:$A,'30'!$G:$G,"pipino il breve") -> 87.48 | L12: =_xlfn.XLOOKUP(B12,'2'!$A:$A,'2'!$G:$G,"pipino il breve") -> 87.14 | M12: =_xlfn.XLOOKUP(B12,'2'!$A:$A,'2'!$G:$G,"pipino il breve") -> 87.14 | N12: =_xlfn.XLOOKUP(B12,'2'!$A:$A,'2'!$G:$G,"pipino il breve") -> 87.14 | O12: =_xlfn.XLOOKUP(B12,'5'!$A:$A,'5'!$G:$G,"pipino il breve") -> 87.23 | P12: =_xlfn.XLOOKUP(B12,'6'!$A:$A,'6'!$G:$G,"pipino il breve") -> 87.12 | Q12: =_xlfn.XLOOKUP(B12,'7'!$A:$A,'7'!$G:$G,"pipino il breve") -> 87.58 | R12: =_xlfn.XLOOKUP(B12,'8'!$A:$A,'8'!$G:$G,"pipino il breve") -> 87.54 | S12: =_xlfn.XLOOKUP(B12,'9'!$A:$A,'9'!$G:$G,"pipino il breve") -> 87.34 | T12: =_xlfn.XLOOKUP(B12,'9'!$A:$A,'9'!$G:$G,"pipino il breve") -> 87.34 | U12: =_xlfn.XLOOKUP(B12,'9'!$A:$A,'9'!$G:$G,"pipino il breve") -> 87.34 | V12: =_xlfn.XLOOKUP(B12,'12'!$A:$A,'12'!$G:$G,"pipino il breve") -> 86.82 | W12: =_xlfn.XLOOKUP(B12,'13'!$A:$A,'13'!$G:$G,"pipino il breve") -> 86.62 | X12: =_xlfn.XLOOKUP(B12,'14'!$A:$A,'14'!$G:$G,"pipino il breve") -> 86.51 | Y12: =_xlfn.XLOOKUP(B12,'15'!$A:$A,'15'!$G:$G,"pipino il breve") -> 87.11 | Z12: =_xlfn.XLOOKUP(B12,'16'!$A:$A,'16'!$G:$G,"pipino il breve") -> 87.44 | AA12: =_xlfn.XLOOKUP(B12,'16'!$A:$A,'16'!$G:$G,"pipino il breve") -> 87.44 | AB12: =_xlfn.XLOOKUP(B12,'16'!$A:$A,'16'!$G:$G,"pipino il breve") -> 87.44 | AC12: =_xlfn.XLOOKUP(B12,'19'!$A:$A,'19'!$G:$G,"pipino il breve") -> 87.47 | AD12: =_xlfn.XLOOKUP(B12,'20'!$A:$A,'20'!$G:$G,"pipino il breve") -> 87.27 | AE12: =_xlfn.XLOOKUP(B12,'21'!$A:$A,'21'!$G:$G,"pipino il breve") -> 87.05 | AF12: =_xlfn.XLOOKUP(B12,'22'!$A:$A,'22'!$G:$G,"pipino il breve") -> 86.85 | AG12: =_xlfn.XLOOKUP(B12,'23'!$A:$A,'23'!$G:$G,"pipino il breve") -> 87.36 | AH12: =_xlfn.XLOOKUP(B12,'23'!$A:$A,'23'!$G:$G,"pipino il breve") -> 87.36 | AI12: =_xlfn.XLOOKUP(B12,'23'!$A:$A,'23'!$G:$G,"pipino il breve") -> 87.36 | AJ12: =_xlfn.XLOOKUP(B12,'26'!$A:$A,'26'!$G:$G,"pipino il breve") -> 87.72 | AK12: =_xlfn.XLOOKUP(B12,'27'!$A:$A,'27'!$G:$G,"pipino il breve") -> 87.89
A13: 12 | B13: IT0005273013 | C13: 1.725 | D13: 01/03/2048 | E13: 89.66 | F13: 89.66 | G13: 89.66 | H13: =_xlfn.XLOOKUP(B13,'28'!$A:$A,'28'!$G:$G,"pipino il breve") -> 89.28 | I13: =_xlfn.XLOOKUP(B13,'29'!$A:$A,'29'!$G:$G,"pipino il breve") -> 89.16 | J13: =_xlfn.XLOOKUP(B13,'30'!$A:$A,'30'!$G:$G,"pipino il breve") -> 89.6 | K13: =_xlfn.XLOOKUP(B13,'30'!$A:$A,'30'!$G:$G,"pipino il breve") -> 89.6 | L13: =_xlfn.XLOOKUP(B13,'2'!$A:$A,'2'!$G:$G,"pipino il breve") -> 88.93 | M13: =_xlfn.XLOOKUP(B13,'2'!$A:$A,'2'!$G:$G,"pipino il breve") -> 88.93 | N13: =_xlfn.XLOOKUP(B13,'2'!$A:$A,'2'!$G:$G,"pipino il breve") -> 88.93 | O13: =_xlfn.XLOOKUP(B13,'5'!$A:$A,'5'!$G:$G,"pipino il breve") -> 89 | P13: =_xlfn.XLOOKUP(B13,'6'!$A:$A,'6'!$G:$G,"pipino il breve") -> 88.78 | Q13: =_xlfn.XLOOKUP(B13,'7'!$A:$A,'7'!$G:$G,"pipino il breve") -> 89.65 | R13: =_xlfn.XLOOKUP(B13,'8'!$A:$A,'8'!$G:$G,"pipino il breve") -> 89.16 | S13: =_xlfn.XLOOKUP(B13,'9'!$A:$A,'9'!$G:$G,"pipino il breve") -> 88.85 | T13: =_xlfn.XLOOKUP(B13,'9'!$A:$A,'9'!$G:$G,"pipino il breve") -> 88.85 | U13: =_xlfn.XLOOKUP(B13,'9'!$A:$A,'9'!$G:$G,"pipino il breve") -> 88.85 | V13: =_xlfn.XLOOKUP(B13,'12'!$A:$A,'12'!$G:$G,"pipino il breve") -> 88.36 | W13: =_xlfn.XLOOKUP(B13,'13'!$A:$A,'13'!$G:$G,"pipino il breve") -> 87.93 | X13: =_xlfn.XLOOKUP(B13,'14'!$A:$A,'14'!$G:$G,"pipino il breve") -> 87.9 | Y13: =_xlfn.XLOOKUP(B13,'15'!$A:$A,'15'!$G:$G,"pipino il breve") -> 88.83 | Z13: =_xlfn.XLOOKUP(B13,'16'!$A:$A,'16'!$G:$G,"pipino il breve") -> 89.34 | AA13: =_xlfn.XLOOKUP(B13,'16'!$A:$A,'16'!$G:$G,"pipino il breve") -> 89.34 | AB13: =_xlfn.XLOOKUP(B13,'16'!$A:$A,'16'!$G:$G,"pipino il breve") -> 89.34 | AC13: =_xlfn.XLOOKUP(B13,'19'!$A:$A,'19'!$G:$G,"pipino il breve") -> 89.36 | AD13: =_xlfn.XLOOKUP(B13,'20'!$A:$A,'20'!$G:$G,"pipino il breve") -> 89.02 | AE13: =_xlfn.XLOOKUP(B13,'21'!$A:$A,'21'!$G:$G,"pipino il breve") -> 88.41 | AF13: =_xlfn.XLOOKUP(B13,'22'!$A:$A,'22'!$G:$G,"pipino il breve") -> 88.05 | AG13: =_xlfn.XLOOKUP(B13,'23'!$A:$A,'23'!$G:$G,"pipino il breve") -> 88.56 | AH13: =_xlfn.XLOOKUP(B13,'23'!$A:$A,'23'!$G:$G,"pipino il breve") -> 88.56 | AI13: =_xlfn.XLOOKUP(B13,'23'!$A:$A,'23'!$G:$G,"pipino il breve") -> 88.56 | AJ13: =_xlfn.XLOOKUP(B13,'26'!$A:$A,'26'!$G:$G,"pipino il breve") -> 89.29 | AK13: =_xlfn.XLOOKUP(B13,'27'!$A:$A,'27'!$G:$G,"pipino il breve") -> 89.8
... A110: 109 | B110: IT0005647273 | C110: 1.275 | D110: 15/05/2056 | E110: 101.64 | F110: 101.64 | G110: 101.64 | H110: =_xlfn.XLOOKUP(B110,'28'!$A:$A,'28'!$G:$G,"pipino il breve") -> 100.85 | I110: =_xlfn.XLOOKUP(B110,'29'!$A:$A,'29'!$G:$G,"pipino il breve") -> 100.2 | J110: =_xlfn.XLOOKUP(B110,'30'!$A:$A,'30'!$G:$G,"pipino il breve") -> 100.86 | K110: =_xlfn.XLOOKUP(B110,'30'!$A:$A,'30'!$G:$G,"pipino il breve") -> 100.86 | L110: =_xlfn.XLOOKUP(B110,'2'!$A:$A,'2'!$G:$G,"pipino il breve") -> 100.6 | M110: =_xlfn.XLOOKUP(B110,'2'!$A:$A,'2'!$G:$G,"pipino il breve") -> 100.6 | N110: =_xlfn.XLOOKUP(B110,'2'!$A:$A,'2'!$G:$G,"pipino il breve") -> 100.6 | O110: =_xlfn.XLOOKUP(B110,'5'!$A:$A,'5'!$G:$G,"pipino il breve") -> 100.43 | P110: =_xlfn.XLOOKUP(B110,'6'!$A:$A,'6'!$G:$G,"pipino il breve") -> 99.85 | Q110: =_xlfn.XLOOKUP(B110,'7'!$A:$A,'7'!$G:$G,"pipino il breve") -> 101.5 | R110: =_xlfn.XLOOKUP(B110,'8'!$A:$A,'8'!$G:$G,"pipino il breve") -> 101.45 | S110: =_xlfn.XLOOKUP(B110,'9'!$A:$A,'9'!$G:$G,"pipino il breve") -> 100.75 | T110: =_xlfn.XLOOKUP(B110,'9'!$A:$A,'9'!$G:$G,"pipino il breve") -> 100.75 | U110: =_xlfn.XLOOKUP(B110,'9'!$A:$A,'9'!$G:$G,"pipino il breve") -> 100.75 | V110: =_xlfn.XLOOKUP(B110,'12'!$A:$A,'12'!$G:$G,"pipino il breve") -> 100.94 | W110: =_xlfn.XLOOKUP(B110,'13'!$A:$A,'13'!$G:$G,"pipino il breve") -> 100.55 | X110: =_xlfn.XLOOKUP(B110,'14'!$A:$A,'14'!$G:$G,"pipino il breve") -> 100.69 | Y110: =_xlfn.XLOOKUP(B110,'15'!$A:$A,'15'!$G:$G,"pipino il breve") -> 101.33 | Z110: =_xlfn.XLOOKUP(B110,'16'!$A:$A,'16'!$G:$G,"pipino il breve") -> 102.32 | AA110: =_xlfn.XLOOKUP(B110,'16'!$A:$A,'16'!$G:$G,"pipino il breve") -> 102.32 | AB110: =_xlfn.XLOOKUP(B110,'16'!$A:$A,'16'!$G:$G,"pipino il breve") -> 102.32 | AC110: =_xlfn.XLOOKUP(B110,'19'!$A:$A,'19'!$G:$G,"pipino il breve") -> 102.1 | AD110: =_xlfn.XLOOKUP(B110,'20'!$A:$A,'20'!$G:$G,"pipino il breve") -> 100.85 | AE110: =_xlfn.XLOOKUP(B110,'21'!$A:$A,'21'!$G:$G,"pipino il breve") -> 100.68 | AF110: =_xlfn.XLOOKUP(B110,'22'!$A:$A,'22'!$G:$G,"pipino il breve") -> 99.63 | AG110: =_xlfn.XLOOKUP(B110,'23'!$A:$A,'23'!$G:$G,"pipino il breve") -> 99.93 | AH110: =_xlfn.XLOOKUP(B110,'23'!$A:$A,'23'!$G:$G,"pipino il breve") -> 99.93 | AI110: =_xlfn.XLOOKUP(B110,'23'!$A:$A,'23'!$G:$G,"pipino il breve") -> 99.93 | AJ110: =_xlfn.XLOOKUP(B110,'26'!$A:$A,'26'!$G:$G,"pipino il breve") -> 100.72 | AK110: =_xlfn.XLOOKUP(B110,'27'!$A:$A,'27'!$G:$G,"pipino il breve") -> 101.55

Sheet no109
A1: ID | B1: ISIN | C1: Coupon | D1: Maturity | E1: 45797
A2: 1 | B2: IT0003256820 | C2: 2.875 | D2: 01/02/2033 | E2: =_xlfn.XLOOKUP(B2,'20'!$A:$A,'20'!$G:$G,"pipino il breve") -> 117.17
A3: 2 | B3: IT0005240830 | C3: 1.1 | D3: 01/06/2027 | E3: =_xlfn.XLOOKUP(B3,'20'!$A:$A,'20'!$G:$G,"pipino il breve") -> 100.41
A4: 3 | B4: IT0005323032 | C4: 1 | D4: 01/02/2028 | E4: =_xlfn.XLOOKUP(B4,'20'!$A:$A,'20'!$G:$G,"pipino il breve") -> 99.71
A5: 4 | B5: IT0005365165 | C5: 1.5 | D5: 01/08/2029 | E5: =_xlfn.XLOOKUP(B5,'20'!$A:$A,'20'!$G:$G,"pipino il breve") -> 102.11
A6: 5 | B6: IT0005582421 | C6: 2.075 | D6: 01/10/2039 | E6: =_xlfn.XLOOKUP(B6,'20'!$A:$A,'20'!$G:$G,"pipino il breve") -> 102.12
A7: 6 | B7: IT0005436693 | C7: 0.3 | D7: 01/08/2031 | E7: =_xlfn.XLOOKUP(B7,'20'!$A:$A,'20'!$G:$G,"pipino il breve") -> 86.97
A8: 7 | B8: IT0004923998 | C8: 2.375 | D8: 01/09/2044 | E8: =_xlfn.XLOOKUP(B8,'20'!$A:$A,'20'!$G:$G,"pipino il breve") -> 108.17
A9: 8 | B9: IT0005024234 | C9: 1.75 | D9: 01/03/2030 | E9: =_xlfn.XLOOKUP(B9,'20'!$A:$A,'20'!$G:$G,"pipino il breve") -> 104.21
A10: 9 | B10: IT0005094088 | C10: 0.825 | D10: 01/03/2032 | E10: =_xlfn.XLOOKUP(B10,'20'!$A:$A,'20'!$G:$G,"pipino il breve") -> 91.72
A11: 10 | B11: IT0005170839 | C11: 0.8 | D11: 01/06/2026 | E11: =_xlfn.XLOOKUP(B11,'20'!$A:$A,'20'!$G:$G,"pipino il breve") -> 99.68
A12: 11 | B12: IT0005177909 | C12: 1.125 | D12: 01/09/2036 | E12: =_xlfn.XLOOKUP(B12,'20'!$A:$A,'20'!$G:$G,"pipino il breve") -> 87.27
A13: 12 | B13: IT0005273013 | C13: 1.725 | D13: 01/03/2048 | E13: =_xlfn.XLOOKUP(B13,'20'!$A:$A,'20'!$G:$G,"pipino il breve") -> 89.02
... A109: 108 | B109: IT0005566408 | C109: 2.05 | D109: 01/02/2029 | E109: =_xlfn.XLOOKUP(B109,'20'!$A:$A,'20'!$G:$G,"pipino il breve") -> 105.86

Sheet singolo
A1: ID | B1: ISIN | C1: Coupon | D1: Maturity | E1: 45797
A2: 1 | B2: IT0003256820 | C2: 2.875 | D2: 01/02/2033 | E2: =_xlfn.XLOOKUP(B2,'20'!$A:$A,'20'!$G:$G,"pipino il breve") -> 117.17
A3: 2 | B3: IT0005240830 | C3: 1.1 | D3: 01/06/2027 | E3: =_xlfn.XLOOKUP(B3,'20'!$A:$A,'20'!$G:$G,"pipino il breve") -> 100.41
A4: 3 | B4: IT0005323032 | C4: 1 | D4: 01/02/2028 | E4: =_xlfn.XLOOKUP(B4,'20'!$A:$A,'20'!$G:$G,"pipino il breve") -> 99.71
A5: 4 | B5: IT0005365165 | C5: 1.5 | D5: 01/08/2029 | E5: =_xlfn.XLOOKUP(B5,'20'!$A:$A,'20'!$G:$G,"pipino il breve") -> 102.11
A6: 5 | B6: IT0005582421 | C6: 2.075 | D6: 01/10/2039 | E6: =_xlfn.XLOOKUP(B6,'20'!$A:$A,'20'!$G:$G,"pipino il breve") -> 102.12
A7: 6 | B7: IT0005436693 | C7: 0.3 | D7: 01/08/2031 | E7: =_xlfn.XLOOKUP(B7,'20'!$A:$A,'20'!$G:$G,"pipino il breve") -> 86.97
A8: 7 | B8: IT0004923998 | C8: 2.375 | D8: 01/09/2044 | E8: =_xlfn.XLOOKUP(B8,'20'!$A:$A,'20'!$G:$G,"pipino il breve") -> 108.17
A9: 8 | B9: IT0005024234 | C9: 1.75 | D9: 01/03/2030 | E9: =_xlfn.XLOOKUP(B9,'20'!$A:$A,'20'!$G:$G,"pipino il breve") -> 104.21
A10: 9 | B10: IT0005094088 | C10: 0.825 | D10: 01/03/2032 | E10: =_xlfn.XLOOKUP(B10,'20'!$A:$A,'20'!$G:$G,"pipino il breve") -> 91.72
A11: 10 | B11: IT0005170839 | C11: 0.8 | D11: 01/06/2026 | E11: =_xlfn.XLOOKUP(B11,'20'!$A:$A,'20'!$G:$G,"pipino il breve") -> 99.68
A12: 11 | B12: IT0005177909 | C12: 1.125 | D12: 01/09/2036 | E12: =_xlfn.XLOOKUP(B12,'20'!$A:$A,'20'!$G:$G,"pipino il breve") -> 87.27
A13: 12 | B13: IT0005273013 | C13: 1.725 | D13: 01/03/2048 | E13: =_xlfn.XLOOKUP(B13,'20'!$A:$A,'20'!$G:$G,"pipino il breve") -> 89.02
... A110: 109 | B110: IT0005647273 | C110: 1.275 | D110: 15/05/2056 | E110: =_xlfn.XLOOKUP(B110,'20'!$A:$A,'20'!$G:$G,"pipino il breve") -> 100.85

Sheet 15a
A1: Codice | B1: Strumento | C1: Societa | D1: Valuta | E1: Scadenza | F1: Cedola in corso | G1: Prezzo | H1: Rend. Eff. Lordo | I1: Rend. Eff. Netto | J1: Vita Residua | K1: Duration mod. | L1: Data prezzo
A2: IT0003256820 | B2: BTP 01/02/02-33 5.75% | C2: Republic of Italy | D2: EUR | E2: 01/02/2033 | F2: 2.875 | G2: 116.49 | H2: 3.3539633 | I2: 2.687993 | J2: 7.8 | K2: 6.242683 | L2: 15/04/2025
A3: IT0005240830 | B3: BTP 01/02/17-01/06/27 2.20% | C3: Republic of Italy | D3: EUR | E3: 01/06/2027 | F3: 1.1 | G3: 100.38 | H3: 2.026243 | I3: 1.7348167 | J3: 2.1232877 | K3: 2.0285735 | L3: 15/04/2025
A4: IT0005323032 | B4: BTP 01/02/18-28 2.00% | C4: Republic of Italy | D4: EUR | E4: 01/02/2028 | F4: 1 | G4: 99.61 | H4: 2.1542765 | I4: 1.8966437 | J4: 2.7945205 | K4: 2.663656 | L4: 15/04/2025
A5: IT0005365165 | B5: BTP 01/02/19-01/08/29 3.00% | C5: Republic of Italy | D5: EUR | E5: 01/08/2029 | F5: 1.5 | G5: 101.8 | H5: 2.5700439 | I5: 2.1946952 | J5: 4.2931507 | K5: 3.937991 | L5: 15/04/2025
A6: IT0005582421 | B6: BTP 01/02/2024-01/10/39 4.15% | C6: Republic of Italy | D6: EUR | E6: 01/10/2039 | F6: 2.075 | G6: 101.3 | H6: 4.066825 | I6: 3.541161 | J6: 14.465753 | K6: 10.600273 | L6: 15/04/2025
A7: IT0005436693 | B7: BTP 01/02/21-01/08/31 0.60% | C7: Republic of Italy | D7: EUR | E7: 01/08/2031 | F7: 0.3 | G7: 86.06 | H7: 3.0744891 | I7: 2.9914842 | J7: 6.2931507 | K7: 5.9819053 | L7: 15/04/2025
A8: IT0004923998 | B8: BTP 01/03/13-01/09/44 4.75% | C8: Republic of Italy | D8: EUR | E8: 01/09/2044 | F8: 2.375 | G8: 107.55 | H8: 4.2171945 | I8: 3.6373761 | J8: 19.389041 | K8: 12.540494 | L8: 15/04/2025
A9: IT0005024234 | B9: BTP 01/03/14-30 3.50% | C9: Republic of Italy | D9: EUR | E9: 01/03/2030 | F9: 1.75 | G9: 103.77 | H9: 2.6858544 | I9: 2.2497844 | J9: 4.8739726 | K9: 4.3949119 | L9: 15/04/2025
A10: IT0005094088 | B10: BTP 01/03/15-32 1.65% | C10: Republic of Italy | D10: EUR | E10: 01/03/2032 | F10: 0.825 | G10: 90.75 | H10: 3.1804075 | I10: 2.9571457 | J10: 6.8767123 | K10: 6.2929591 | L10: 15/04/2025
A11: IT0005170839 | B11: BTP 01/03/16-01/06/26 1.60% | C11: Republic of Italy | D11: EUR | E11: 01/06/2026 | F11: 0.8 | G11: 99.55 | H11: 2.0169754 | I11: 1.8145075 | J11: 1.1232877 | K11: 1.0894345 | L11: 15/04/2025
A12: IT0005177909 | B12: BTP 01/03/16-01/09/36 2.25% | C12: Republic of Italy | D12: EUR | E12: 01/09/2036 | F12: 1.125 | G12: 86.27 | H12: 3.7745717 | I12: 3.4612895 | J12: 11.383562 | K12: 9.589302 | L12: 15/04/2025
A13: IT0005273013 | B13: BTP 01/03/17-48 3.45% | C13: Republic of Italy | D13: EUR | E13: 01/03/2048 | F13: 1.725 | G13: 88.47 | H13: 4.2837262 | I13: 3.8067028 | J13: 22.887671 | K13: 14.807588 | L13: 15/04/2025
... A111: IT0005647273 | B111: BTPei 15/11/24-05/56 2.55% reale | C111: Republic of Italy | D111: EUR | E111: 15/05/2056 | F111: 1.275 | G111: 100.6 | H111: 4.8226287 | I111: 4.4923425 | J111: 31.09863 | K111: 5.7124787 | L111: 23/04/2025

Sheet 16a
A1: Codice | B1: Strumento | C1: Societa | D1: Valuta | E1: Scadenza | F1: Cedola in corso | G1: Prezzo | H1: Rend. Eff. Lordo | I1: Rend. Eff. Netto | J1: Vita Residua | K1: Duration mod. | L1: Data prezzo
A2: IT0003256820 | B2: BTP 01/02/02-33 5.75% | C2: Republic of Italy | D2: EUR | E2: 01/02/2033 | F2: 2.875 | G2: 116.73 | H2: 3.3206143 | I2: 2.6555436 | J2: 7.7972603 | K2: 6.2437004 | L2: 16/04/2025
A3: IT0005240830 | B3: BTP 01/02/17-01/06/27 2.20% | C3: Republic of Italy | D3: EUR | E3: 01/06/2027 | F3: 1.1 | G3: 100.49 | H3: 1.9724032 | I3: 1.6811716 | J3: 2.1205479 | K3: 2.026998 | L3: 16/04/2025
A4: IT0005323032 | B4: BTP 01/02/18-28 2.00% | C4: Republic of Italy | D4: EUR | E4: 01/02/2028 | F4: 1 | G4: 99.65 | H4: 2.1393699 | I4: 1.8818147 | J4: 2.7917808 | K4: 2.6613809 | L4: 16/04/2025
A5: IT0005365165 | B5: BTP 01/02/19-01/08/29 3.00% | C5: Republic of Italy | D5: EUR | E5: 01/08/2029 | F5: 1.5 | G5: 102 | H5: 2.5202026 | I5: 2.1453685 | J5: 4.290411 | K5: 3.9375464 | L5: 16/04/2025
A6: IT0005582421 | B6: BTP 01/02/2024-01/10/39 4.15% | C6: Republic of Italy | D6: EUR | E6: 01/10/2039 | F6: 2.075 | G6: 101.56 | H6: 4.0426677 | I6: 3.5178779 | J6: 14.463014 | K6: 10.605088 | L6: 16/04/2025
A7: IT0005436693 | B7: BTP 01/02/21-01/08/31 0.60% | C7: Republic of Italy | D7: EUR | E7: 01/08/2031 | F7: 0.3 | G7: 86.25 | H7: 3.038732 | I7: 2.9558431 | J7: 6.290411 | K7: 5.981498 | L7: 16/04/2025
A8: IT0004923998 | B8: BTP 01/03/13-01/09/44 4.75% | C8: Republic of Italy | D8: EUR | E8: 01/09/2044 | F8: 2.375 | G8: 107.67 | H8: 4.2083036 | I8: 3.6289028 | J8: 19.386301 | K8: 12.542725 | L8: 16/04/2025
A9: IT0005024234 | B9: BTP 01/03/14-30 3.50% | C9: Republic of Italy | D9: EUR | E9: 01/03/2030 | F9: 1.75 | G9: 103.97 | H9: 2.6417953 | I9: 2.2062724 | J9: 4.8712329 | K9: 4.3945574 | L9: 16/04/2025
A10: IT0005094088 | B10: BTP 01/03/15-32 1.65% | C10: Republic of Italy | D10: EUR | E10: 01/03/2032 | F10: 0.825 | G10: 91 | H10: 3.1373665 | I10: 2.9144743 | J10: 6.8739726 | K10: 6.2935794 | L10: 16/04/2025
A11: IT0005170839 | B11: BTP 01/03/16-01/06/26 1.60% | C11: Republic of Italy | D11: EUR | E11: 01/06/2026 | F11: 0.8 | G11: 99.62 | H11: 1.953707 | I11: 1.7513924 | J11: 1.1205479 | K11: 1.0874293 | L11: 16/04/2025
A12: IT0005177909 | B12: BTP 01/03/16-01/09/36 2.25% | C12: Republic of Italy | D12: EUR | E12: 01/09/2036 | F12: 1.125 | G12: 86.55 | H12: 3.7412169 | I12: 3.428554 | J12: 11.380822 | K12: 9.5925496 | L12: 16/04/2025
A13: IT0005273013 | B13: BTP 01/03/17-48 3.45% | C13: Republic of Italy | D13: EUR | E13: 01/03/2048 | F13: 1.725 | G13: 88.72 | H13: 4.2648359 | I13: 3.7887245 | J13: 22.884932 | K13: 14.819097 | L13: 16/04/2025
... A111: IT0005647273 | B111: BTPei 15/11/24-05/56 2.55% reale | C111: Republic of Italy | D111: EUR | E111: 15/05/2056 | F111: 1.275 | G111: 100.6 | H111: 4.8226252 | I111: 4.4923388 | J111: 31.09589 | K111: 5.7119856 | L111: 23/04/2025

Sheet 17a
A1: Codice | B1: Strumento | C1: Societa | D1: Valuta | E1: Scadenza | F1: Cedola in corso | G1: Prezzo | H1: Rend. Eff. Lordo | I1: Rend. Eff. Netto | J1: Vita Residua | K1: Duration mod. | L1: Data prezzo
A2: IT0003256820 | B2: BTP 01/02/02-33 5.75% | C2: Republic of Italy | D2: EUR | E2: 01/02/2033 | F2: 2.875 | G2: 117.14 | H2: 3.2628406 | I2: 2.5993034 | J2: 7.7890411 | K2: 6.2420982 | L2: 17/04/2025
A3: IT0005240830 | B3: BTP 01/02/17-01/06/27 2.20% | C3: Republic of Italy | D3: EUR | E3: 01/06/2027 | F3: 1.1 | G3: 100.59 | H3: 1.9226547 | I3: 1.6315972 | J3: 2.1123288 | K3: 2.0199604 | L3: 17/04/2025
A4: IT0005323032 | B4: BTP 01/02/18-28 2.00% | C4: Republic of Italy | D4: EUR | E4: 01/02/2028 | F4: 1 | G4: 99.81 | H4: 2.0795041 | I4: 1.8222472 | J4: 2.7835616 | K4: 2.6549646 | L4: 17/04/2025
A5: IT0005365165 | B5: BTP 01/02/19-01/08/29 3.00% | C5: Republic of Italy | D5: EUR | E5: 01/08/2029 | F5: 1.5 | G5: 102.23 | H5: 2.4623079 | I5: 2.0880723 | J5: 4.2821918 | K5: 3.9321133 | L5: 17/04/2025
A6: IT0005582421 | B6: BTP 01/02/2024-01/10/39 4.15% | C6: Republic of Italy | D6: EUR | E6: 01/10/2039 | F6: 2.075 | G6: 101.94 | H6: 4.0074416 | I6: 3.4839234 | J6: 14.454795 | K6: 10.608045 | L6: 17/04/2025
A7: IT0005436693 | B7: BTP 01/02/21-01/08/31 0.60% | C7: Republic of Italy | D7: EUR | E7: 01/08/2031 | F7: 0.3 | G7: 86.6 | H7: 2.9742169 | I7: 2.8915407 | J7: 6.2821918 | K7: 5.9775806 | L7: 17/04/2025
A8: IT0004923998 | B8: BTP 01/03/13-01/09/44 4.75% | C8: Republic of Italy | D8: EUR | E8: 01/09/2044 | F8: 2.375 | G8: 108.13 | H8: 4.1743749 | I8: 3.5965637 | J8: 19.378082 | K8: 12.553381 | L8: 17/04/2025
A9: IT0005024234 | B9: BTP 01/03/14-30 3.50% | C9: Republic of Italy | D9: EUR | E9: 01/03/2030 | F9: 1.75 | G9: 104.25 | H9: 2.5794496 | I9: 2.1446935 | J9: 4.8630137 | K9: 4.3898215 | L9: 17/04/2025
A10: IT0005094088 | B10: BTP 01/03/15-32 1.65% | C10: Republic of Italy | D10: EUR | E10: 01/03/2032 | F10: 0.825 | G10: 91.34 | H10: 3.0798978 | I10: 2.8575063 | J10: 6.8657534 | K10: 6.2899822 | L10: 17/04/2025
A11: IT0005170839 | B11: BTP 01/03/16-01/06/26 1.60% | C11: Republic of Italy | D11: EUR | E11: 01/06/2026 | F11: 0.8 | G11: 99.7 | H11: 1.8823634 | I11: 1.6802329 | J11: 1.1123288 | K11: 1.0801301 | L11: 17/04/2025
A12: IT0005177909 | B12: BTP 01/03/16-01/09/36 2.25% | C12: Republic of Italy | D12: EUR | E12: 01/09/2036 | F12: 1.125 | G12: 86.94 | H12: 3.6954429 | I12: 3.3836352 | J12: 11.372603 | K12: 9.5927021 | L12: 17/04/2025
A13: IT0005273013 | B13: BTP 01/03/17-48 3.45% | C13: Republic of Italy | D13: EUR | E13: 01/03/2048 | F13: 1.725 | G13: 88.64 | H13: 4.271083 | I13: 3.7946837 | J13: 22.876712 | K13: 14.80654 | L13: 17/04/2025
... A111: IT0005647273 | B111: BTPei 15/11/24-05/56 2.55% reale | C111: Republic of Italy | D111: EUR | E111: 15/05/2056 | F111: 1.275 | G111: 100.6 | H111: 4.8226158 | I111: 4.4923301 | J111: 31.087671 | K111: 5.7105055 | L111: 23/04/2025

Sheet 22a
A1: Codice | B1: Strumento | C1: Societa | D1: Valuta | E1: Scadenza | F1: Cedola in corso | G1: Prezzo | H1: Rend. Eff. Lordo | I1: Rend. Eff. Netto | J1: Vita Residua | K1: Duration mod. | L1: Data prezzo
A2: IT0003256820 | B2: BTP 01/02/02-33 5.75% | C2: Republic of Italy | D2: EUR | E2: 01/02/2033 | F2: 2.875 | G2: 117.32 | H2: 3.236265 | I2: 2.5734065 | J2: 7.7808219 | K2: 6.23706 | L2: 22/04/2025
A3: IT0005240830 | B3: BTP 01/02/17-01/06/27 2.20% | C3: Republic of Italy | D3: EUR | E3: 01/06/2027 | F3: 1.1 | G3: 100.63 | H3: 1.9019627 | I3: 1.61097 | J3: 2.1041096 | K3: 2.0123203 | L3: 22/04/2025
A4: IT0005323032 | B4: BTP 01/02/18-28 2.00% | C4: Republic of Italy | D4: EUR | E4: 01/02/2028 | F4: 1 | G4: 99.88 | H4: 2.0532834 | I4: 1.7961673 | J4: 2.7753425 | K4: 2.6476256 | L4: 22/04/2025
A5: IT0005365165 | B5: BTP 01/02/19-01/08/29 3.00% | C5: Republic of Italy | D5: EUR | E5: 01/08/2029 | F5: 1.5 | G5: 102.28 | H5: 2.4488684 | I5: 2.0747714 | J5: 4.2739726 | K5: 3.9246908 | L5: 22/04/2025
A6: IT0005582421 | B6: BTP 01/02/2024-01/10/39 4.15% | C6: Republic of Italy | D6: EUR | E6: 01/10/2039 | F6: 2.075 | G6: 102.22 | H6: 3.9815475 | I6: 3.4589617 | J6: 14.446575 | K6: 10.608119 | L6: 22/04/2025
A7: IT0005436693 | B7: BTP 01/02/21-01/08/31 0.60% | C7: Republic of Italy | D7: EUR | E7: 01/08/2031 | F7: 0.3 | G7: 86.71 | H7: 2.9560629 | I7: 2.8734518 | J7: 6.2739726 | K7: 5.9707405 | L7: 22/04/2025
A8: IT0004923998 | B8: BTP 01/03/13-01/09/44 4.75% | C8: Republic of Italy | D8: EUR | E8: 01/09/2044 | F8: 2.375 | G8: 108.37 | H8: 4.1566652 | I8: 3.5796777 | J8: 19.369863 | K8: 12.555169 | L8: 22/04/2025
A9: IT0005024234 | B9: BTP 01/03/14-30 3.50% | C9: Republic of Italy | D9: EUR | E9: 01/03/2030 | F9: 1.75 | G9: 104.33 | H9: 2.5605903 | I9: 2.1260539 | J9: 4.8547945 | K9: 4.3827978 | L9: 22/04/2025
A10: IT0005094088 | B10: BTP 01/03/15-32 1.65% | C10: Republic of Italy | D10: EUR | E10: 01/03/2032 | F10: 0.825 | G10: 91.5 | H10: 3.0537464 | I10: 2.8315874 | J10: 6.8575342 | K10: 6.2839972 | L10: 22/04/2025
A11: IT0005170839 | B11: BTP 01/03/16-01/06/26 1.60% | C11: Republic of Italy | D11: EUR | E11: 01/06/2026 | F11: 0.8 | G11: 99.75 | H11: 1.8379345 | I11: 1.6359182 | J11: 1.1041096 | K11: 1.0725347 | L11: 22/04/2025
A12: IT0005177909 | B12: BTP 01/03/16-01/09/36 2.25% | C12: Republic of Italy | D12: EUR | E12: 01/09/2036 | F12: 1.125 | G12: 87.18 | H12: 3.6677162 | I12: 3.356431 | J12: 11.364384 | K12: 9.5896645 | L12: 22/04/2025
A13: IT0005273013 | B13: BTP 01/03/17-48 3.45% | C13: Republic of Italy | D13: EUR | E13: 01/03/2048 | F13: 1.725 | G13: 89.2 | H13: 4.2290031 | I13: 3.7546322 | J13: 22.868493 | K13: 14.830137 | L13: 22/04/2025
... A111: IT0005647273 | B111: BTPei 15/11/24-05/56 2.55% reale | C111: Republic of Italy | D111: EUR | E111: 15/05/2056 | F111: 1.275 | G111: 100.6 | H111: 4.8226065 | I111: 4.4923211 | J111: 31.079452 | K111: 5.7090246 | L111: 23/04/2025

Sheet 23a
A1: Codice | B1: Strumento | C1: Societa | D1: Valuta | E1: Scadenza | F1: Cedola in corso | G1: Prezzo | H1: Rend. Eff. Lordo | I1: Rend. Eff. Netto | J1: Vita Residua | K1: Duration mod. | L1: Data prezzo
A2: IT0003256820 | B2: BTP 01/02/02-33 5.75% | C2: Republic of Italy | D2: EUR | E2: 01/02/2033 | F2: 2.875 | G2: 117.15 | H2: 3.2585226 | I2: 2.5950423 | J2: 7.7780822 | K2: 6.2319601 | L2: 23/04/2025
A3: IT0005240830 | B3: BTP 01/02/17-01/06/27 2.20% | C3: Republic of Italy | D3: EUR | E3: 01/06/2027 | F3: 1.1 | G3: 100.54 | H3: 1.9457193 | I3: 1.6545685 | J3: 2.1013699 | K3: 2.0087364 | L3: 23/04/2025
A4: IT0005323032 | B4: BTP 01/02/18-28 2.00% | C4: Republic of Italy | D4: EUR | E4: 01/02/2028 | F4: 1 | G4: 99.6 | H4: 2.1590188 | I4: 1.9013907 | J4: 2.7726027 | K4: 2.6420718 | L4: 23/04/2025
A5: IT0005365165 | B5: BTP 01/02/19-01/08/29 3.00% | C5: Republic of Italy | D5: EUR | E5: 01/08/2029 | F5: 1.5 | G5: 102.16 | H5: 2.4782425 | I5: 2.1038441 | J5: 4.2712329 | K5: 3.920708 | L5: 23/04/2025
A6: IT0005582421 | B6: BTP 01/02/2024-01/10/39 4.15% | C6: Republic of Italy | D6: EUR | E6: 01/10/2039 | F6: 2.075 | G6: 102.05 | H6: 3.997169 | I6: 3.4740233 | J6: 14.443836 | K6: 10.600673 | L6: 23/04/2025
A7: IT0005436693 | B7: BTP 01/02/21-01/08/31 0.60% | C7: Republic of Italy | D7: EUR | E7: 01/08/2031 | F7: 0.3 | G7: 86.63 | H7: 2.9725232 | I7: 2.889864 | J7: 6.2712329 | K7: 5.9670447 | L7: 23/04/2025
A8: IT0004923998 | B8: BTP 01/03/13-01/09/44 4.75% | C8: Republic of Italy | D8: EUR | E8: 01/09/2044 | F8: 2.375 | G8: 108.25 | H8: 4.1653817 | I8: 3.5879831 | J8: 19.367123 | K8: 12.547775 | L8: 23/04/2025
A9: IT0005024234 | B9: BTP 01/03/14-30 3.50% | C9: Republic of Italy | D9: EUR | E9: 01/03/2030 | F9: 1.75 | G9: 104.24 | H9: 2.5797079 | I9: 2.144929 | J9: 4.8520548 | K9: 4.3791246 | L9: 23/04/2025
A10: IT0005094088 | B10: BTP 01/03/15-32 1.65% | C10: Republic of Italy | D10: EUR | E10: 01/03/2032 | F10: 0.825 | G10: 91.41 | H10: 3.0699074 | I10: 2.8476142 | J10: 6.8547945 | K10: 6.2801101 | L10: 23/04/2025
A11: IT0005170839 | B11: BTP 01/03/16-01/06/26 1.60% | C11: Republic of Italy | D11: EUR | E11: 01/06/2026 | F11: 0.8 | G11: 99.65 | H11: 1.9317116 | I11: 1.7294579 | J11: 1.1013699 | K11: 1.0688513 | L11: 23/04/2025
A12: IT0005177909 | B12: BTP 01/03/16-01/09/36 2.25% | C12: Republic of Italy | D12: EUR | E12: 01/09/2036 | F12: 1.125 | G12: 87.03 | H12: 3.6859125 | I12: 3.3743014 | J12: 11.361644 | K12: 9.5838139 | L12: 23/04/2025
A13: IT0005273013 | B13: BTP 01/03/17-48 3.45% | C13: Republic of Italy | D13: EUR | E13: 01/03/2048 | F13: 1.725 | G13: 89 | H13: 4.2441204 | I13: 3.7690304 | J13: 22.865753 | K13: 14.816201 | L13: 23/04/2025
... A111: IT0005647273 | B111: BTPei 15/11/24-05/56 2.55% reale | C111: Republic of Italy | D111: EUR | E111: 15/05/2056 | F111: 1.275 | G111: 100.6 | H111: 4.8226032 | I111: 4.4923184 | J111: 31.076712 | K111: 5.7085309 | L111: 23/04/2025

Sheet 24a
A1: Codice | B1: Strumento | C1: Societa | D1: Valuta | E1: Scadenza | F1: Cedola in corso | G1: Prezzo | H1: Rend. Eff. Lordo | I1: Rend. Eff. Netto | J1: Vita Residua | K1: Duration mod. | L1: Data prezzo
A2: IT0003256820 | B2: BTP 01/02/02-33 5.75% | C2: Republic of Italy | D2: EUR | E2: 01/02/2033 | F2: 2.875 | G2: 117.85 | H2: 3.161761 | I2: 2.5008644 | J2: 7.769863 | K2: 6.2346305 | L2: 24/04/2025
A3: IT0005240830 | B3: BTP 01/02/17-01/06/27 2.20% | C3: Republic of Italy | D3: EUR | E3: 01/06/2027 | F3: 1.1 | G3: 100.68 | H3: 1.8757821 | I3: 1.5848793 | J3: 2.0931507 | K3: 2.0020998 | L3: 24/04/2025
A4: IT0005323032 | B4: BTP 01/02/18-28 2.00% | C4: Republic of Italy | D4: EUR | E4: 01/02/2028 | F4: 1 | G4: 100 | H4: 2.0080685 | I4: 1.751181 | J4: 2.7643836 | K4: 2.6381123 | L4: 24/04/2025
A5: IT0005365165 | B5: BTP 01/02/19-01/08/29 3.00% | C5: Republic of Italy | D5: EUR | E5: 01/08/2029 | F5: 1.5 | G5: 102.58 | H5: 2.3731376 | I5: 1.9998158 | J5: 4.2630137 | K5: 3.9173648 | L5: 24/04/2025
A6: IT0005582421 | B6: BTP 01/02/2024-01/10/39 4.15% | C6: Republic of Italy | D6: EUR | E6: 01/10/2039 | F6: 2.075 | G6: 102.92 | H6: 3.9172629 | I6: 3.3969802 | J6: 14.435616 | K6: 10.617374 | L6: 24/04/2025
A7: IT0005436693 | B7: BTP 01/02/21-01/08/31 0.60% | C7: Republic of Italy | D7: EUR | E7: 01/08/2031 | F7: 0.3 | G7: 87.23 | H7: 2.8600327 | I7: 2.7777321 | J7: 6.2630137 | K7: 5.9661311 | L7: 24/04/2025
A8: IT0004923998 | B8: BTP 01/03/13-01/09/44 4.75% | C8: Republic of Italy | D8: EUR | E8: 01/09/2044 | F8: 2.375 | G8: 109.32 | H8: 4.0874539 | I8: 3.5136916 | J8: 19.358904 | K8: 12.582463 | L8: 24/04/2025
A9: IT0005024234 | B9: BTP 01/03/14-30 3.50% | C9: Republic of Italy | D9: EUR | E9: 01/03/2030 | F9: 1.75 | G9: 104.66 | H9: 2.4868108 | I9: 2.053172 | J9: 4.8438356 | K9: 4.3759762 | L9: 24/04/2025
A10: IT0005094088 | B10: BTP 01/03/15-32 1.65% | C10: Republic of Italy | D10: EUR | E10: 01/03/2032 | F10: 0.825 | G10: 91.97 | H10: 2.9744849 | I10: 2.753006 | J10: 6.8465753 | K10: 6.2793859 | L10: 24/04/2025
A11: IT0005170839 | B11: BTP 01/03/16-01/06/26 1.60% | C11: Republic of Italy | D11: EUR | E11: 01/06/2026 | F11: 0.8 | G11: 99.77 | H11: 1.8214815 | I11: 1.6195079 | J11: 1.0931507 | K11: 1.0619467 | L11: 24/04/2025
A12: IT0005177909 | B12: BTP 01/03/16-01/09/36 2.25% | C12: Republic of Italy | D12: EUR | E12: 01/09/2036 | F12: 1.125 | G12: 87.71 | H12: 3.6059373 | I12: 3.295799 | J12: 11.353425 | K12: 9.589978 | L12: 24/04/2025
A13: IT0005273013 | B13: BTP 01/03/17-48 3.45% | C13: Republic of Italy | D13: EUR | E13: 01/03/2048 | F13: 1.725 | G13: 90.05 | H13: 4.1657363 | I13: 3.6943952 | J13: 22.857534 | K13: 14.866931 | L13: 24/04/2025
... A111: IT0005647273 | B111: BTPei 15/11/24-05/56 2.55% reale | C111: Republic of Italy | D111: EUR | E111: 15/05/2056 | F111: 1.275 | G111: 101.76 | H111: 4.7672538 | I111: 4.4393967 | J111: 31.068493 | K111: 5.7230862 | L111: 24/04/2025

Sheet 25a
A1: Codice | B1: Strumento | C1: Societa | D1: Valuta | E1: Scadenza | F1: Cedola in corso | G1: Prezzo | H1: Rend. Eff. Lordo | I1: Rend. Eff. Netto | J1: Vita Residua | K1: Duration mod. | L1: Data prezzo
A2: IT0003256820 | B2: BTP 01/02/02-33 5.75% | C2: Republic of Italy | D2: EUR | E2: 01/02/2033 | F2: 2.875 | G2: 117.52 | H2: 3.2054808 | I2: 2.5433809 | J2: 7.7671233 | K2: 6.2271717 | L2: 25/04/2025
A3: IT0005240830 | B3: BTP 01/02/17-01/06/27 2.20% | C3: Republic of Italy | D3: EUR | E3: 01/06/2027 | F3: 1.1 | G3: 100.58 | H3: 1.9246276 | I3: 1.6335491 | J3: 2.090411 | K3: 1.9984159 | L3: 25/04/2025
A4: IT0005323032 | B4: BTP 01/02/18-28 2.00% | C4: Republic of Italy | D4: EUR | E4: 01/02/2028 | F4: 1 | G4: 99.79 | H4: 2.0874685 | I4: 1.8301978 | J4: 2.7616438 | K4: 2.6332779 | L4: 25/04/2025
A5: IT0005365165 | B5: BTP 01/02/19-01/08/29 3.00% | C5: Republic of Italy | D5: EUR | E5: 01/08/2029 | F5: 1.5 | G5: 102.36 | H5: 2.4272088 | I5: 2.0533304 | J5: 4.260274 | K5: 3.9122828 | L5: 25/04/2025
A6: IT0005582421 | B6: BTP 01/02/2024-01/10/39 4.15% | C6: Republic of Italy | D6: EUR | E6: 01/10/2039 | F6: 2.075 | G6: 102.48 | H6: 3.9574809 | I6: 3.4357599 | J6: 14.432877 | K6: 10.602356 | L6: 25/04/2025
A7: IT0005436693 | B7: BTP 01/02/21-01/08/31 0.60% | C7: Republic of Italy | D7: EUR | E7: 01/08/2031 | F7: 0.3 | G7: 86.93 | H7: 2.9187025 | I7: 2.8362227 | J7: 6.260274 | K7: 5.9597809 | L7: 25/04/2025
A8: IT0004923998 | B8: BTP 01/03/13-01/09/44 4.75% | C8: Republic of Italy | D8: EUR | E8: 01/09/2044 | F8: 2.375 | G8: 108.74 | H8: 4.1294262 | I8: 3.5537008 | J8: 19.356164 | K8: 12.556899 | L8: 25/04/2025
A9: IT0005024234 | B9: BTP 01/03/14-30 3.50% | C9: Republic of Italy | D9: EUR | E9: 01/03/2030 | F9: 1.75 | G9: 104.38 | H9: 2.5472338 | I9: 2.1128356 | J9: 4.8410959 | K9: 4.37014 | L9: 25/04/2025
A10: IT0005094088 | B10: BTP 01/03/15-32 1.65% | C10: Republic of Italy | D10: EUR | E10: 01/03/2032 | F10: 0.825 | G10: 91.72 | H10: 3.0182419 | I10: 2.7964008 | J10: 6.8438356 | K10: 6.2734007 | L10: 25/04/2025
A11: IT0005170839 | B11: BTP 01/03/16-01/06/26 1.60% | C11: Republic of Italy | D11: EUR | E11: 01/06/2026 | F11: 0.8 | G11: 99.72 | H11: 1.8690401 | I11: 1.6669464 | J11: 1.090411 | K11: 1.058757 | L11: 25/04/2025
A12: IT0005177909 | B12: BTP 01/03/16-01/09/36 2.25% | C12: Republic of Italy | D12: EUR | E12: 01/09/2036 | F12: 1.125 | G12: 87.26 | H12: 3.6596837 | I12: 3.3485728 | J12: 11.350685 | K12: 9.5778657 | L12: 25/04/2025
A13: IT0005273013 | B13: BTP 01/03/17-48 3.45% | C13: Republic of Italy | D13: EUR | E13: 01/03/2048 | F13: 1.725 | G13: 89.66 | H13: 4.1948344 | I13: 3.7221133 | J13: 22.854795 | K13: 14.842546 | L13: 25/04/2025
... A111: IT0005647273 | B111: BTPei 15/11/24-05/56 2.55% reale | C111: Republic of Italy | D111: EUR | E111: 15/05/2056 | F111: 1.275 | G111: 101.64 | H111: 4.7729351 | I111: 4.4448291 | J111: 31.065753 | K111: 5.7209479 | L111: 25/04/2025

Sheet 28
A1: Codice | B1: Strumento | C1: Societa | D1: Valuta | E1: Scadenza | F1: Cedola in corso | G1: Prezzo | H1: Rend. Eff. Lordo | I1: Rend. Eff. Netto | J1: Vita Residua | K1: Duration mod. | L1: Data prezzo
A2: IT0003256820 | B2: BTP 01/02/02-33 5.75% | C2: Republic of Italy | D2: EUR | E2: 48611 | F2: 2.875 | G2: 117.4 | H2: 3.221 | I2: 2.558 | J2: 7.764 | K2: 6.223 | L2: 45775
A3: IT0005240830 | B3: BTP 01/02/17-01/06/27 2.20% | C3: Republic of Italy | D3: EUR | E3: 46539 | F3: 1.1 | G3: 100.6 | H3: 1.914 | I3: 1.623 | J3: 2.088 | K3: 1.996 | L3: 45775
A4: IT0005323032 | B4: BTP 01/02/18-28 2.00% | C4: Republic of Italy | D4: EUR | E4: 46784 | F4: 1 | G4: 99.87 | H4: 2.057 | I4: 1.8 | J4: 2.759 | K4: 2.631 | L4: 45775
A5: IT0005365165 | B5: BTP 01/02/19-01/08/29 3.00% | C5: Republic of Italy | D5: EUR | E5: 47331 | F5: 1.5 | G5: 102.35 | H5: 2.429 | I5: 2.055 | J5: 4.258 | K5: 3.91 | L5: 45775
A6: IT0005582421 | B6: BTP 01/02/2024-01/10/39 4.15% | C6: Republic of Italy | D6: EUR | E6: 51044 | F6: 2.075 | G6: 102.27 | H6: 3.977 | I6: 3.454 | J6: 14.43 | K6: 10.594 | L6: 45775
A7: IT0005436693 | B7: BTP 01/02/21-01/08/31 0.60% | C7: Republic of Italy | D7: EUR | E7: 48061 | F7: 0.3 | G7: 86.88 | H7: 2.929 | I7: 2.847 | J7: 6.258 | K7: 5.956 | L7: 45775
A8: IT0004923998 | B8: BTP 01/03/13-01/09/44 4.75% | C8: Republic of Italy | D8: EUR | E8: 52841 | F8: 2.375 | G8: 108.57 | H8: 4.142 | I8: 3.565 | J8: 19.353 | K8: 12.548 | L8: 45775
A9: IT0005024234 | B9: BTP 01/03/14-30 3.50% | C9: Republic of Italy | D9: EUR | E9: 47543 | F9: 1.75 | G9: 104.46 | H9: 2.529 | I9: 2.095 | J9: 4.838 | K9: 4.368 | L9: 45775
A10: IT0005094088 | B10: BTP 01/03/15-32 1.65% | C10: Republic of Italy | D10: EUR | E10: 48274 | F10: 0.825 | G10: 91.68 | H10: 3.026 | I10: 2.804 | J10: 6.841 | K10: 6.27 | L10: 45775
A11: IT0005170839 | B11: BTP 01/03/16-01/06/26 1.60% | C11: Republic of Italy | D11: EUR | E11: 46174 | F11: 0.8 | G11: 99.75 | H11: 1.841 | I11: 1.639 | J11: 1.088 | K11: 1.056 | L11: 45775
A12: IT0005177909 | B12: BTP 01/03/16-01/09/36 2.25% | C12: Republic of Italy | D12: EUR | E12: 49919 | F12: 1.125 | G12: 87.17 | H12: 3.671 | I12: 3.359 | J12: 11.348 | K12: 9.573 | L12: 45775
A13: IT0005273013 | B13: BTP 01/03/17-48 3.45% | C13: Republic of Italy | D13: EUR | E13: 54118 | F13: 1.725 | G13: 89.28 | H13: 4.223 | I13: 3.749 | J13: 22.852 | K13: 14.819 | L13: 45775
... A111: IT0005647273 | B111: BTPei 15/11/24-05/56 2.55% reale | C111: Republic of Italy | D111: EUR | E111: 57115 | F111: 1.275 | G111: 100.85 | H111: 4.811 | I111: 4.481 | J111: 31.063 | K111: 5.71 | L111: 45775

Sheet 29
A1: Codice | B1: Strumento | C1: Societa | D1: Valuta | E1: Scadenza | F1: Cedola in corso | G1: Prezzo | H1: Rend. Eff. Lordo | I1: Rend. Eff. Netto | J1: Vita Residua | K1: Duration mod. | L1: Data prezzo
A2: IT0003256820 | B2: BTP 01/02/02-33 5.75% | C2: Republic of Italy | D2: EUR | E2: 01/02/2033 | F2: 2.875 | G2: 117.36 | H2: 3.225607 | I2: 2.5629275 | J2: 7.7616438 | K2: 6.219653 | L2: 29/04/2025
A3: IT0005240830 | B3: BTP 01/02/17-01/06/27 2.20% | C3: Republic of Italy | D3: EUR | E3: 01/06/2027 | F3: 1.1 | G3: 100.57 | H3: 1.9288354 | I3: 1.6377357 | J3: 2.0849315 | K3: 1.9929545 | L3: 29/04/2025
A4: IT0005323032 | B4: BTP 01/02/18-28 2.00% | C4: Republic of Italy | D4: EUR | E4: 01/02/2028 | F4: 1 | G4: 99.85 | H4: 2.0648247 | I4: 1.8076721 | J4: 2.7561644 | K4: 2.6285217 | L4: 29/04/2025
A5: IT0005365165 | B5: BTP 01/02/19-01/08/29 3.00% | C5: Republic of Italy | D5: EUR | E5: 01/08/2029 | F5: 1.5 | G5: 102.28 | H5: 2.4463267 | I5: 2.0722534 | J5: 4.2547945 | K5: 3.906084 | L5: 29/04/2025
A6: IT0005582421 | B6: BTP 01/02/2024-01/10/39 4.15% | C6: Republic of Italy | D6: EUR | E6: 01/10/2039 | F6: 2.075 | G6: 102.21 | H6: 3.9822283 | I6: 3.4596214 | J6: 14.427397 | K6: 10.589466 | L6: 29/04/2025
A7: IT0005436693 | B7: BTP 01/02/21-01/08/31 0.60% | C7: Republic of Italy | D7: EUR | E7: 01/08/2031 | F7: 0.3 | G7: 86.91 | H7: 2.9245695 | I7: 2.842078 | J7: 6.2547945 | K7: 5.9540887 | L7: 29/04/2025
A8: IT0004923998 | B8: BTP 01/03/13-01/09/44 4.75% | C8: Republic of Italy | D8: EUR | E8: 01/09/2044 | F8: 2.375 | G8: 108.41 | H8: 4.1533681 | I8: 3.5765165 | J8: 19.350685 | K8: 12.538557 | L8: 29/04/2025
A9: IT0005024234 | B9: BTP 01/03/14-30 3.50% | C9: Republic of Italy | D9: EUR | E9: 01/03/2030 | F9: 1.75 | G9: 104.4 | H9: 2.5418744 | I9: 2.1075313 | J9: 4.8356164 | K9: 4.3650768 | L9: 29/04/2025
A10: IT0005094088 | B10: BTP 01/03/15-32 1.65% | C10: Republic of Italy | D10: EUR | E10: 01/03/2032 | F10: 0.825 | G10: 91.64 | H10: 3.033167 | I10: 2.8112077 | J10: 6.8383562 | K10: 6.266949 | L10: 29/04/2025
A11: IT0005170839 | B11: BTP 01/03/16-01/06/26 1.60% | C11: Republic of Italy | D11: EUR | E11: 01/06/2026 | F11: 0.8 | G11: 99.72 | H11: 1.8703597 | I11: 1.6682629 | J11: 1.0849315 | K11: 1.0533643 | L11: 29/04/2025
A12: IT0005177909 | B12: BTP 01/03/16-01/09/36 2.25% | C12: Republic of Italy | D12: EUR | E12: 01/09/2036 | F12: 1.125 | G12: 87.16 | H12: 3.6722121 | I12: 3.3608839 | J12: 11.345205 | K12: 9.5703731 | L12: 29/04/2025
A13: IT0005273013 | B13: BTP 01/03/17-48 3.45% | C13: Republic of Italy | D13: EUR | E13: 01/03/2048 | F13: 1.725 | G13: 89.16 | H13: 4.2324377 | I13: 3.7579291 | J13: 22.849315 | K13: 14.809169 | L13: 29/04/2025
... A111: IT0005647273 | B111: BTPei 15/11/24-05/56 2.55% reale | C111: Republic of Italy | D111: EUR | E111: 15/05/2056 | F111: 1.275 | G111: 100.2 | H111: 4.8418634 | I111: 4.5107295 | J111: 31.060274 | K111: 5.69997 | L111: 29/04/2025

Sheet 30
A1: Codice | B1: Strumento | C1: Societa | D1: Valuta | E1: Scadenza | F1: Cedola in corso | G1: Prezzo | H1: Rend. Eff. Lordo | I1: Rend. Eff. Netto | J1: Vita Residua | K1: Duration mod. | L1: Data prezzo
A2: IT0003256820 | B2: BTP 01/02/02-33 5.75% | C2: Republic of Italy | D2: EUR | E2: 01/02/2033 | F2: 2.875 | G2: 117.71 | H2: 3.1775519 | I2: 2.516162 | J2: 7.7589041 | K2: 6.2222737 | L2: 30/04/2025
A3: IT0005240830 | B3: BTP 01/02/17-01/06/27 2.20% | C3: Republic of Italy | D3: EUR | E3: 01/06/2027 | F3: 1.1 | G3: 100.63 | H3: 1.8987838 | I3: 1.6077866 | J3: 2.0821918 | K3: 1.990876 | L3: 30/04/2025
A4: IT0005323032 | B4: BTP 01/02/18-28 2.00% | C4: Republic of Italy | D4: EUR | E4: 01/02/2028 | F4: 1 | G4: 99.93 | H4: 2.0345142 | I4: 1.777512 | J4: 2.7534247 | K4: 2.6266552 | L4: 30/04/2025
A5: IT0005365165 | B5: BTP 01/02/19-01/08/29 3.00% | C5: Republic of Italy | D5: EUR | E5: 01/08/2029 | F5: 1.5 | G5: 102.48 | H5: 2.3962916 | I5: 2.0227314 | J5: 4.2520548 | K5: 3.9056313 | L5: 30/04/2025
A6: IT0005582421 | B6: BTP 01/02/2024-01/10/39 4.15% | C6: Republic of Italy | D6: EUR | E6: 01/10/2039 | F6: 2.075 | G6: 102.58 | H6: 3.9481964 | I6: 3.426808 | J6: 14.424658 | K6: 10.597307 | L6: 30/04/2025
A7: IT0005436693 | B7: BTP 01/02/21-01/08/31 0.60% | C7: Republic of Italy | D7: EUR | E7: 01/08/2031 | F7: 0.3 | G7: 87.13 | H7: 2.883178 | I7: 2.8008185 | J7: 6.2520548 | K7: 5.9540239 | L7: 30/04/2025
A8: IT0004923998 | B8: BTP 01/03/13-01/09/44 4.75% | C8: Republic of Italy | D8: EUR | E8: 01/09/2044 | F8: 2.375 | G8: 108.82 | H8: 4.1234423 | I8: 3.5479878 | J8: 19.347945 | K8: 12.552275 | L8: 30/04/2025
A9: IT0005024234 | B9: BTP 01/03/14-30 3.50% | C9: Republic of Italy | D9: EUR | E9: 01/03/2030 | F9: 1.75 | G9: 104.51 | H9: 2.5173735 | I9: 2.0833316 | J9: 4.8328767 | K9: 4.3636853 | L9: 30/04/2025
A10: IT0005094088 | B10: BTP 01/03/15-32 1.65% | C10: Republic of Italy | D10: EUR | E10: 01/03/2032 | F10: 0.825 | G10: 91.9 | H10: 2.988617 | I10: 2.7670355 | J10: 6.8356164 | K10: 6.2676707 | L10: 30/04/2025
A11: IT0005170839 | B11: BTP 01/03/16-01/06/26 1.60% | C11: Republic of Italy | D11: EUR | E11: 01/06/2026 | F11: 0.8 | G11: 99.76 | H11: 1.8331204 | I11: 1.6311081 | J11: 1.0821918 | K11: 1.0510626 | L11: 30/04/2025
A12: IT0005177909 | B12: BTP 01/03/16-01/09/36 2.25% | C12: Republic of Italy | D12: EUR | E12: 01/09/2036 | F12: 1.125 | G12: 87.48 | H12: 3.6343903 | I12: 3.323756 | J12: 11.342466 | K12: 9.5743907 | L12: 30/04/2025
A13: IT0005273013 | B13: BTP 01/03/17-48 3.45% | C13: Republic of Italy | D13: EUR | E13: 01/03/2048 | F13: 1.725 | G13: 89.6 | H13: 4.1994942 | I13: 3.7265609 | J13: 22.846575 | K13: 14.831173 | L13: 30/04/2025
... A111: IT0005647273 | B111: BTPei 15/11/24-05/56 2.55% reale | C111: Republic of Italy | D111: EUR | E111: 15/05/2056 | F111: 1.275 | G111: 100.86 | H111: 4.810104 | I111: 4.480369 | J111: 31.057534 | K111: 5.7086925 | L111: 30/04/2025

Sheet 2
A1: Codice | B1: Strumento | C1: Societa | D1: Valuta | E1: Scadenza | F1: Cedola in corso | G1: Prezzo | H1: Rend. Eff. Lordo | I1: Rend. Eff. Netto | J1: Vita Residua | K1: Duration mod. | L1: Data prezzo
A2: IT0003256820 | B2: BTP 01/02/02-33 5.75% | C2: Republic of Italy | D2: EUR | E2: 01/02/2033 | F2: 2.875 | G2: 117.24 | H2: 3.2381214 | I2: 2.5750196 | J2: 7.7479452 | K2: 6.2050104 | L2: 02/05/2025
A3: IT0005240830 | B3: BTP 01/02/17-01/06/27 2.20% | C3: Republic of Italy | D3: EUR | E3: 01/06/2027 | F3: 1.1 | G3: 100.54 | H3: 1.9419476 | I3: 1.6507901 | J3: 2.0712329 | K3: 1.9792507 | L3: 02/05/2025
A4: IT0005323032 | B4: BTP 01/02/18-28 2.00% | C4: Republic of Italy | D4: EUR | E4: 01/02/2028 | F4: 1 | G4: 99.9 | H4: 2.0459598 | I4: 1.7889117 | J4: 2.7424658 | K4: 2.6156072 | L4: 02/05/2025
A5: IT0005365165 | B5: BTP 01/02/19-01/08/29 3.00% | C5: Republic of Italy | D5: EUR | E5: 01/08/2029 | F5: 1.5 | G5: 102.31 | H5: 2.4370239 | I5: 2.0630432 | J5: 4.2410959 | K5: 3.8931245 | L5: 02/05/2025
A6: IT0005582421 | B6: BTP 01/02/2024-01/10/39 4.15% | C6: Republic of Italy | D6: EUR | E6: 01/10/2039 | F6: 2.075 | G6: 102.18 | H6: 3.9848248 | I6: 3.4621263 | J6: 14.413699 | K6: 10.575493 | L6: 02/05/2025
A7: IT0005436693 | B7: BTP 01/02/21-01/08/31 0.60% | C7: Republic of Italy | D7: EUR | E7: 01/08/2031 | F7: 0.3 | G7: 86.86 | H7: 2.9392842 | I7: 2.8567597 | J7: 6.2410959 | K7: 5.939858 | L7: 02/05/2025
A8: IT0004923998 | B8: BTP 01/03/13-01/09/44 4.75% | C8: Republic of Italy | D8: EUR | E8: 01/09/2044 | F8: 2.375 | G8: 108.14 | H8: 4.172863 | I8: 3.5950836 | J8: 19.336986 | K8: 12.514757 | L8: 02/05/2025
A9: IT0005024234 | B9: BTP 01/03/14-30 3.50% | C9: Republic of Italy | D9: EUR | E9: 01/03/2030 | F9: 1.75 | G9: 104.37 | H9: 2.5459326 | I9: 2.1115109 | J9: 4.8219178 | K9: 4.3515061 | L9: 02/05/2025
A10: IT0005094088 | B10: BTP 01/03/15-32 1.65% | C10: Republic of Italy | D10: EUR | E10: 01/03/2032 | F10: 0.825 | G10: 91.64 | H10: 3.0358141 | I10: 2.813851 | J10: 6.8246575 | K10: 6.2534531 | L10: 02/05/2025
A11: IT0005170839 | B11: BTP 01/03/16-01/06/26 1.60% | C11: Republic of Italy | D11: EUR | E11: 01/06/2026 | F11: 0.8 | G11: 99.68 | H11: 1.9120518 | I11: 1.7098404 | J11: 1.0712329 | K11: 1.0394878 | L11: 02/05/2025
A12: IT0005177909 | B12: BTP 01/03/16-01/09/36 2.25% | C12: Republic of Italy | D12: EUR | E12: 01/09/2036 | F12: 1.125 | G12: 87.14 | H12: 3.676118 | I12: 3.3647451 | J12: 11.331507 | K12: 9.5564722 | L12: 02/05/2025
A13: IT0005273013 | B13: BTP 01/03/17-48 3.45% | C13: Republic of Italy | D13: EUR | E13: 01/03/2048 | F13: 1.725 | G13: 88.93 | H13: 4.2500909 | I13: 3.7747556 | J13: 22.835616 | K13: 14.782826 | L13: 02/05/2025
... A111: IT0005647273 | B111: BTPei 15/11/24-05/56 2.55% reale | C111: Republic of Italy | D111: EUR | E111: 15/05/2056 | F111: 1.275 | G111: 100.6 | H111: 4.8225711 | I111: 4.4922875 | J111: 31.046575 | K111: 5.7030933 | L111: 02/05/2025

Sheet 5
A1: Codice | B1: Strumento | C1: Societa | D1: Valuta | E1: Scadenza | F1: Cedola in corso | G1: Prezzo | H1: Rend. Eff. Lordo | I1: Rend. Eff. Netto | J1: Vita Residua | K1: Duration mod. | L1: Data prezzo
A2: IT0003256820 | B2: BTP 01/02/02-33 5.75% | C2: Republic of Italy | D2: EUR | E2: 01/02/2033 | F2: 2.875 | G2: 117.4 | H2: 3.2156669 | I2: 2.553159 | J2: 7.7452055 | K2: 6.2048179 | L2: 05/05/2025
A3: IT0005240830 | B3: BTP 01/02/17-01/06/27 2.20% | C3: Republic of Italy | D3: EUR | E3: 01/06/2027 | F3: 1.1 | G3: 100.54 | H3: 1.9416025 | I3: 1.6504428 | J3: 2.0684932 | K3: 1.9765701 | L3: 05/05/2025
A4: IT0005323032 | B4: BTP 01/02/18-28 2.00% | C4: Republic of Italy | D4: EUR | E4: 01/02/2028 | F4: 1 | G4: 99.82 | H4: 2.0764841 | I4: 1.8192936 | J4: 2.739726 | K4: 2.612103 | L4: 05/05/2025
A5: IT0005365165 | B5: BTP 01/02/19-01/08/29 3.00% | C5: Republic of Italy | D5: EUR | E5: 01/08/2029 | F5: 1.5 | G5: 102.3 | H5: 2.4391484 | I5: 2.0651439 | J5: 4.2383562 | K5: 3.8903559 | L5: 05/05/2025
A6: IT0005582421 | B6: BTP 01/02/2024-01/10/39 4.15% | C6: Republic of Italy | D6: EUR | E6: 01/10/2039 | F6: 2.075 | G6: 102.15 | H6: 3.9875582 | I6: 3.4647625 | J6: 14.410959 | K6: 10.572017 | L6: 05/05/2025
A7: IT0005436693 | B7: BTP 01/02/21-01/08/31 0.60% | C7: Republic of Italy | D7: EUR | E7: 01/08/2031 | F7: 0.3 | G7: 86.92 | H7: 2.9286908 | I7: 2.8462025 | J7: 6.2383562 | K7: 5.9378595 | L7: 05/05/2025
A8: IT0004923998 | B8: BTP 01/03/13-01/09/44 4.75% | C8: Republic of Italy | D8: EUR | E8: 01/09/2044 | F8: 2.375 | G8: 108.34 | H8: 4.1581657 | I8: 3.581072 | J8: 19.334247 | K8: 12.520154 | L8: 05/05/2025
A9: IT0005024234 | B9: BTP 01/03/14-30 3.50% | C9: Republic of Italy | D9: EUR | E9: 01/03/2030 | F9: 1.75 | G9: 104.36 | H9: 2.5476237 | I9: 2.1131748 | J9: 4.8191781 | K9: 4.3487463 | L9: 05/05/2025
A10: IT0005094088 | B10: BTP 01/03/15-32 1.65% | C10: Republic of Italy | D10: EUR | E10: 01/03/2032 | F10: 0.825 | G10: 91.67 | H10: 3.0311245 | I10: 2.8092043 | J10: 6.8219178 | K10: 6.2511492 | L10: 05/05/2025
A11: IT0005170839 | B11: BTP 01/03/16-01/06/26 1.60% | C11: Republic of Italy | D11: EUR | E11: 01/06/2026 | F11: 0.8 | G11: 99.7 | H11: 1.893613 | I11: 1.6914478 | J11: 1.0684932 | K11: 1.0369888 | L11: 05/05/2025
A12: IT0005177909 | B12: BTP 01/03/16-01/09/36 2.25% | C12: Republic of Italy | D12: EUR | E12: 01/09/2036 | F12: 1.125 | G12: 87.23 | H12: 3.6656682 | I12: 3.3544913 | J12: 11.328767 | K12: 9.5556686 | L12: 05/05/2025
A13: IT0005273013 | B13: BTP 01/03/17-48 3.45% | C13: Republic of Italy | D13: EUR | E13: 01/03/2048 | F13: 1.725 | G13: 89 | H13: 4.2448682 | I13: 3.769787 | J13: 22.832877 | K13: 14.784103 | L13: 05/05/2025
... A111: IT0005647273 | B111: BTPei 15/11/24-05/56 2.55% reale | C111: Republic of Italy | D111: EUR | E111: 15/05/2056 | F111: 1.275 | G111: 100.43 | H111: 4.8307519 | I111: 4.5001081 | J111: 31.043836 | K111: 5.7002217 | L111: 05/05/2025

Sheet 6
A1: Codice | B1: Strumento | C1: Societa | D1: Valuta | E1: Scadenza | F1: Cedola in corso | G1: Prezzo | H1: Rend. Eff. Lordo | I1: Rend. Eff. Netto | J1: Vita Residua | K1: Duration mod. | L1: Data prezzo
A2: IT0003256820 | B2: BTP 01/02/02-33 5.75% | C2: Republic of Italy | D2: EUR | E2: 01/02/2033 | F2: 2.875 | G2: 117.25 | H2: 3.2352646 | I2: 2.5722088 | J2: 7.7424658 | K2: 6.2000159 | L2: 06/05/2025
A3: IT0005240830 | B3: BTP 01/02/17-01/06/27 2.20% | C3: Republic of Italy | D3: EUR | E3: 01/06/2027 | F3: 1.1 | G3: 100.52 | H3: 1.9512361 | I3: 1.6600442 | J3: 2.0657534 | K3: 1.9736888 | L3: 06/05/2025
A4: IT0005323032 | B4: BTP 01/02/18-28 2.00% | C4: Republic of Italy | D4: EUR | E4: 01/02/2028 | F4: 1 | G4: 99.81 | H4: 2.0803492 | I4: 1.8231406 | J4: 2.7369863 | K4: 2.6093154 | L4: 06/05/2025
A5: IT0005365165 | B5: BTP 01/02/19-01/08/29 3.00% | C5: Republic of Italy | D5: EUR | E5: 01/08/2029 | F5: 1.5 | G5: 102.29 | H5: 2.4412734 | I5: 2.0672475 | J5: 4.2356164 | K5: 3.8875874 | L5: 06/05/2025
A6: IT0005582421 | B6: BTP 01/02/2024-01/10/39 4.15% | C6: Republic of Italy | D6: EUR | E6: 01/10/2039 | F6: 2.075 | G6: 101.96 | H6: 4.0050725 | I6: 3.4816488 | J6: 14.408219 | K6: 10.563993 | L6: 06/05/2025
A7: IT0005436693 | B7: BTP 01/02/21-01/08/31 0.60% | C7: Republic of Italy | D7: EUR | E7: 01/08/2031 | F7: 0.3 | G7: 86.92 | H7: 2.9297021 | I7: 2.8472139 | J7: 6.2356164 | K7: 5.9351344 | L7: 06/05/2025
A8: IT0004923998 | B8: BTP 01/03/13-01/09/44 4.75% | C8: Republic of Italy | D8: EUR | E8: 01/09/2044 | F8: 2.375 | G8: 108.05 | H8: 4.1793632 | I8: 3.6012735 | J8: 19.331507 | K8: 12.505948 | L8: 06/05/2025
A9: IT0005024234 | B9: BTP 01/03/14-30 3.50% | C9: Republic of Italy | D9: EUR | E9: 01/03/2030 | F9: 1.75 | G9: 104.4 | H9: 2.538363 | I9: 2.1040208 | J9: 4.8164384 | K9: 4.346557 | L9: 06/05/2025
A10: IT0005094088 | B10: BTP 01/03/15-32 1.65% | C10: Republic of Italy | D10: EUR | E10: 01/03/2032 | F10: 0.825 | G10: 91.62 | H10: 3.0403572 | I10: 2.8183633 | J10: 6.8191781 | K10: 6.2477911 | L10: 06/05/2025
A11: IT0005170839 | B11: BTP 01/03/16-01/06/26 1.60% | C11: Republic of Italy | D11: EUR | E11: 01/06/2026 | F11: 0.8 | G11: 99.71 | H11: 1.884715 | I11: 1.6825816 | J11: 1.0657534 | K11: 1.0343912 | L11: 06/05/2025
A12: IT0005177909 | B12: BTP 01/03/16-01/09/36 2.25% | C12: Republic of Italy | D12: EUR | E12: 01/09/2036 | F12: 1.125 | G12: 87.12 | H12: 3.6791185 | I12: 3.3677018 | J12: 11.326027 | K12: 9.5506591 | L12: 06/05/2025
A13: IT0005273013 | B13: BTP 01/03/17-48 3.45% | C13: Republic of Italy | D13: EUR | E13: 01/03/2048 | F13: 1.725 | G13: 88.78 | H13: 4.2615631 | I13: 3.7856861 | J13: 22.830137 | K13: 14.768991 | L13: 06/05/2025
... A111: IT0005647273 | B111: BTPei 15/11/24-05/56 2.55% reale | C111: Republic of Italy | D111: EUR | E111: 15/05/2056 | F111: 1.275 | G111: 99.85 | H111: 4.8588084 | I111: 4.5269257 | J111: 31.041096 | K111: 5.6915712 | L111: 06/05/2025

Sheet 7
A1: Codice | B1: Strumento | C1: Societa | D1: Valuta | E1: Scadenza | F1: Cedola in corso | G1: Prezzo | H1: Rend. Eff. Lordo | I1: Rend. Eff. Netto | J1: Vita Residua | K1: Duration mod. | L1: Data prezzo
A2: IT0003256820 | B2: BTP 01/02/02-33 5.75% | C2: Republic of Italy | D2: EUR | E2: 01/02/2033 | F2: 2.875 | G2: 117.67 | H2: 3.1775931 | I2: 2.5160855 | J2: 7.739726 | K2: 6.2036817 | L2: 07/05/2025
A3: IT0005240830 | B3: BTP 01/02/17-01/06/27 2.20% | C3: Republic of Italy | D3: EUR | E3: 01/06/2027 | F3: 1.1 | G3: 100.67 | H3: 1.8759939 | I3: 1.5850614 | J3: 2.0630137 | K3: 1.9725135 | L3: 07/05/2025
A4: IT0005323032 | B4: BTP 01/02/18-28 2.00% | C4: Republic of Italy | D4: EUR | E4: 01/02/2028 | F4: 1 | G4: 99.92 | H4: 2.0383804 | I4: 1.7813773 | J4: 2.7342466 | K4: 2.6077559 | L4: 07/05/2025
A5: IT0005365165 | B5: BTP 01/02/19-01/08/29 3.00% | C5: Republic of Italy | D5: EUR | E5: 01/08/2029 | F5: 1.5 | G5: 102.52 | H5: 2.3835606 | I5: 2.0101243 | J5: 4.2328767 | K5: 3.8874653 | L5: 07/05/2025
A6: IT0005582421 | B6: BTP 01/02/2024-01/10/39 4.15% | C6: Republic of Italy | D6: EUR | E6: 01/10/2039 | F6: 2.075 | G6: 102.73 | H6: 3.9341781 | I6: 3.4132899 | J6: 14.405479 | K6: 10.58317 | L6: 07/05/2025
A7: IT0005436693 | B7: BTP 01/02/21-01/08/31 0.60% | C7: Republic of Italy | D7: EUR | E7: 01/08/2031 | F7: 0.3 | G7: 87.2 | H7: 2.876618 | I7: 2.7942976 | J7: 6.2328767 | K7: 5.9357939 | L7: 07/05/2025
A8: IT0004923998 | B8: BTP 01/03/13-01/09/44 4.75% | C8: Republic of Italy | D8: EUR | E8: 01/09/2044 | F8: 2.375 | G8: 108.96 | H8: 4.1128789 | I8: 3.5378963 | J8: 19.328767 | K8: 12.539625 | L8: 07/05/2025
A9: IT0005024234 | B9: BTP 01/03/14-30 3.50% | C9: Republic of Italy | D9: EUR | E9: 01/03/2030 | F9: 1.75 | G9: 104.6 | H9: 2.4940876 | I9: 2.0602886 | J9: 4.8136986 | K9: 4.3461913 | L9: 07/05/2025
A10: IT0005094088 | B10: BTP 01/03/15-32 1.65% | C10: Republic of Italy | D10: EUR | E10: 01/03/2032 | F10: 0.825 | G10: 92 | H10: 2.9748622 | I10: 2.753422 | J10: 6.8164384 | K10: 6.2500909 | L10: 07/05/2025
A11: IT0005170839 | B11: BTP 01/03/16-01/06/26 1.60% | C11: Republic of Italy | D11: EUR | E11: 01/06/2026 | F11: 0.8 | G11: 99.75 | H11: 1.8468373 | I11: 1.644789 | J11: 1.0630137 | K11: 1.0320894 | L11: 07/05/2025
A12: IT0005177909 | B12: BTP 01/03/16-01/09/36 2.25% | C12: Republic of Italy | D12: EUR | E12: 01/09/2036 | F12: 1.125 | G12: 87.58 | H12: 3.6245609 | I12: 3.3141407 | J12: 11.323288 | K12: 9.5576142 | L12: 07/05/2025
A13: IT0005273013 | B13: BTP 01/03/17-48 3.45% | C13: Republic of Italy | D13: EUR | E13: 01/03/2048 | F13: 1.725 | G13: 89.65 | H13: 4.1961701 | I13: 3.7234185 | J13: 22.827397 | K13: 14.815253 | L13: 07/05/2025
... A111: IT0005647273 | B111: BTPei 15/11/24-05/56 2.55% reale | C111: Republic of Italy | D111: EUR | E111: 15/05/2056 | F111: 1.275 | G111: 101.5 | H111: 4.7795275 | I111: 4.4511317 | J111: 31.038356 | K111: 5.7140978 | L111: 07/05/2025

Sheet 8
A1: Codice | B1: Strumento | C1: Societa | D1: Valuta | E1: Scadenza | F1: Cedola in corso | G1: Prezzo | H1: Rend. Eff. Lordo | I1: Rend. Eff. Netto | J1: Vita Residua | K1: Duration mod. | L1: Data prezzo
A2: IT0003256820 | B2: BTP 01/02/02-33 5.75% | C2: Republic of Italy | D2: EUR | E2: 48611 | F2: 2.875 | G2: 117.56 | H2: 3.19 | I2: 2.528 | J2: 7.732 | K2: 6.194 | L2: 45785
A3: IT0005240830 | B3: BTP 01/02/17-01/06/27 2.20% | C3: Republic of Italy | D3: EUR | E3: 46539 | F3: 1.1 | G3: 100.56 | H3: 1.93 | I3: 1.639 | J3: 2.055 | K3: 1.963 | L3: 45785
A4: IT0005323032 | B4: BTP 01/02/18-28 2.00% | C4: Republic of Italy | D4: EUR | E4: 46784 | F4: 1 | G4: 99.84 | H4: 2.069 | I4: 1.812 | J4: 2.726 | K4: 2.599 | L4: 45785
A5: IT0005365165 | B5: BTP 01/02/19-01/08/29 3.00% | C5: Republic of Italy | D5: EUR | E5: 47331 | F5: 1.5 | G5: 102.23 | H5: 2.455 | I5: 2.081 | J5: 4.225 | K5: 3.876 | L5: 45785
A6: IT0005582421 | B6: BTP 01/02/2024-01/10/39 4.15% | C6: Republic of Italy | D6: EUR | E6: 51044 | F6: 2.075 | G6: 102.5 | H6: 3.955 | I6: 3.434 | J6: 14.397 | K6: 10.569 | L6: 45785
A7: IT0005436693 | B7: BTP 01/02/21-01/08/31 0.60% | C7: Republic of Italy | D7: EUR | E7: 48061 | F7: 0.3 | G7: 87.1 | H7: 2.899 | I7: 2.817 | J7: 6.225 | K7: 5.926 | L7: 45785
A8: IT0004923998 | B8: BTP 01/03/13-01/09/44 4.75% | C8: Republic of Italy | D8: EUR | E8: 52841 | F8: 2.375 | G8: 108.58 | H8: 4.14 | I8: 3.564 | J8: 19.321 | K8: 12.517 | L8: 45785
A9: IT0005024234 | B9: BTP 01/03/14-30 3.50% | C9: Republic of Italy | D9: EUR | E9: 47543 | F9: 1.75 | G9: 104.45 | H9: 2.525 | I9: 2.091 | J9: 4.805 | K9: 4.337 | L9: 45785
A10: IT0005094088 | B10: BTP 01/03/15-32 1.65% | C10: Republic of Italy | D10: EUR | E10: 48274 | F10: 0.825 | G10: 91.91 | H10: 2.992 | I10: 2.77 | J10: 6.808 | K10: 6.241 | L10: 45785
A11: IT0005170839 | B11: BTP 01/03/16-01/06/26 1.60% | C11: Republic of Italy | D11: EUR | E11: 46174 | F11: 0.8 | G11: 99.73 | H11: 1.868 | I11: 1.666 | J11: 1.055 | K11: 1.024 | L11: 45785
A12: IT0005177909 | B12: BTP 01/03/16-01/09/36 2.25% | C12: Republic of Italy | D12: EUR | E12: 49919 | F12: 1.125 | G12: 87.54 | H12: 3.63 | I12: 3.32 | J12: 11.315 | K12: 9.549 | L12: 45785
A13: IT0005273013 | B13: BTP 01/03/17-48 3.45% | C13: Republic of Italy | D13: EUR | E13: 54118 | F13: 1.725 | G13: 89.16 | H13: 4.233 | I13: 3.759 | J13: 22.819 | K13: 14.78 | L13: 45785
... A111: IT0005647273 | B111: BTPei 15/11/24-05/56 2.55% reale | C111: Republic of Italy | D111: EUR | E111: 57115 | F111: 1.275 | G111: 101.45 | H111: 4.782 | I111: 4.453 | J111: 31.03 | K111: 5.712 | L111: 45785

Sheet 9
A1: Codice | B1: Strumento | C1: Societa | D1: Valuta | E1: Scadenza | F1: Cedola in corso | G1: Prezzo | H1: Rend. Eff. Lordo | I1: Rend. Eff. Netto | J1: Vita Residua | K1: Duration mod. | L1: Data prezzo
A2: IT0003256820 | B2: BTP 01/02/02-33 5.75% | C2: Republic of Italy | D2: EUR | E2: 01/02/2033 | F2: 2.875 | G2: 117.32 | H2: 3.221995 | I2: 2.5592151 | J2: 7.7287671 | K2: 6.188199 | L2: 09/05/2025
A3: IT0005240830 | B3: BTP 01/02/17-01/06/27 2.20% | C3: Republic of Italy | D3: EUR | E3: 01/06/2027 | F3: 1.1 | G3: 100.5 | H3: 1.9596082 | I3: 1.6683692 | J3: 2.0520548 | K3: 1.9600852 | L3: 09/05/2025
A4: IT0005323032 | B4: BTP 01/02/18-28 2.00% | C4: Republic of Italy | D4: EUR | E4: 01/02/2028 | F4: 1 | G4: 99.77 | H4: 2.0959691 | I4: 1.838699 | J4: 2.7232877 | K4: 2.5954793 | L4: 09/05/2025
A5: IT0005365165 | B5: BTP 01/02/19-01/08/29 3.00% | C5: Republic of Italy | D5: EUR | E5: 01/08/2029 | F5: 1.5 | G5: 102.25 | H5: 2.4494415 | I5: 2.0753287 | J5: 4.2219178 | K5: 3.8738551 | L5: 09/05/2025
A6: IT0005582421 | B6: BTP 01/02/2024-01/10/39 4.15% | C6: Republic of Italy | D6: EUR | E6: 01/10/2039 | F6: 2.075 | G6: 102.1 | H6: 3.9919821 | I6: 3.4690286 | J6: 14.394521 | K6: 10.554848 | L6: 09/05/2025
A7: IT0005436693 | B7: BTP 01/02/21-01/08/31 0.60% | C7: Republic of Italy | D7: EUR | E7: 01/08/2031 | F7: 0.3 | G7: 86.94 | H7: 2.9308986 | I7: 2.8484212 | J7: 6.2219178 | K7: 5.921751 | L7: 09/05/2025
A8: IT0004923998 | B8: BTP 01/03/13-01/09/44 4.75% | C8: Republic of Italy | D8: EUR | E8: 01/09/2044 | F8: 2.375 | G8: 108.15 | H8: 4.1717719 | I8: 3.5940236 | J8: 19.317808 | K8: 12.496943 | L8: 09/05/2025
A9: IT0005024234 | B9: BTP 01/03/14-30 3.50% | C9: Republic of Italy | D9: EUR | E9: 01/03/2030 | F9: 1.75 | G9: 104.28 | H9: 2.5622128 | I9: 2.1275431 | J9: 4.8027397 | K9: 4.3319584 | L9: 09/05/2025
A10: IT0005094088 | B10: BTP 01/03/15-32 1.65% | C10: Republic of Italy | D10: EUR | E10: 01/03/2032 | F10: 0.825 | G10: 91.66 | H10: 3.0360503 | I10: 2.8141122 | J10: 6.8054795 | K10: 6.2348222 | L10: 09/05/2025
A11: IT0005170839 | B11: BTP 01/03/16-01/06/26 1.60% | C11: Republic of Italy | D11: EUR | E11: 01/06/2026 | F11: 0.8 | G11: 99.75 | H11: 1.8493388 | I11: 1.6472822 | J11: 1.0520548 | K11: 1.0213039 | L11: 09/05/2025
A12: IT0005177909 | B12: BTP 01/03/16-01/09/36 2.25% | C12: Republic of Italy | D12: EUR | E12: 01/09/2036 | F12: 1.125 | G12: 87.34 | H12: 3.6543434 | I12: 3.3434025 | J12: 11.312329 | K12: 9.5418026 | L12: 09/05/2025
A13: IT0005273013 | B13: BTP 01/03/17-48 3.45% | C13: Republic of Italy | D13: EUR | E13: 01/03/2048 | F13: 1.725 | G13: 88.85 | H13: 4.2565854 | I13: 3.7809651 | J13: 22.816438 | K13: 14.759574 | L13: 09/05/2025
... A111: IT0005647273 | B111: BTPei 15/11/24-05/56 2.55% reale | C111: Republic of Italy | D111: EUR | E111: 15/05/2056 | F111: 1.275 | G111: 100.75 | H111: 4.8153432 | I111: 4.4853765 | J111: 31.027397 | K111: 5.7017219 | L111: 09/05/2025

Sheet 12
A1: Codice | B1: Strumento | C1: Societa | D1: Valuta | E1: Scadenza | F1: Cedola in corso | G1: Prezzo | H1: Rend. Eff. Lordo | I1: Rend. Eff. Netto | J1: Vita Residua | K1: Duration mod. | L1: Data prezzo
A2: IT0003256820 | B2: BTP 01/02/02-33 5.75% | C2: Republic of Italy | D2: EUR | E2: 01/02/2033 | F2: 2.875 | G2: 116.74 | H2: 3.3003222 | I2: 2.6353999 | J2: 7.7260274 | K2: 6.1769758 | L2: 12/05/2025
A3: IT0005240830 | B3: BTP 01/02/17-01/06/27 2.20% | C3: Republic of Italy | D3: EUR | E3: 01/06/2027 | F3: 1.1 | G3: 100.29 | H3: 2.0651542 | I3: 1.7735492 | J3: 2.0493151 | K3: 1.9552952 | L3: 12/05/2025
A4: IT0005323032 | B4: BTP 01/02/18-28 2.00% | C4: Republic of Italy | D4: EUR | E4: 01/02/2028 | F4: 1 | G4: 99.47 | H4: 2.2115971 | I4: 1.953782 | J4: 2.7205479 | K4: 2.5897188 | L4: 12/05/2025
A5: IT0005365165 | B5: BTP 01/02/19-01/08/29 3.00% | C5: Republic of Italy | D5: EUR | E5: 01/08/2029 | F5: 1.5 | G5: 101.84 | H5: 2.5520751 | I5: 2.1769126 | J5: 4.2191781 | K5: 3.8666622 | L5: 12/05/2025
A6: IT0005582421 | B6: BTP 01/02/2024-01/10/39 4.15% | C6: Republic of Italy | D6: EUR | E6: 01/10/2039 | F6: 2.075 | G6: 101.61 | H6: 4.0373538 | I6: 3.5127738 | J6: 14.391781 | K6: 10.538258 | L6: 12/05/2025
A7: IT0005436693 | B7: BTP 01/02/21-01/08/31 0.60% | C7: Republic of Italy | D7: EUR | E7: 01/08/2031 | F7: 0.3 | G7: 86.51 | H7: 3.015555 | I7: 2.9328183 | J7: 6.2191781 | K7: 5.9138099 | L7: 12/05/2025
A8: IT0004923998 | B8: BTP 01/03/13-01/09/44 4.75% | C8: Republic of Italy | D8: EUR | E8: 01/09/2044 | F8: 2.375 | G8: 107.6 | H8: 4.2122059 | I8: 3.632556 | J8: 19.315068 | K8: 12.472238 | L8: 12/05/2025
A9: IT0005024234 | B9: BTP 01/03/14-30 3.50% | C9: Republic of Italy | D9: EUR | E9: 01/03/2030 | F9: 1.75 | G9: 103.84 | H9: 2.6587893 | I9: 2.2229146 | J9: 4.8 | K9: 4.3242769 | L9: 12/05/2025
A10: IT0005094088 | B10: BTP 01/03/15-32 1.65% | C10: Republic of Italy | D10: EUR | E10: 01/03/2032 | F10: 0.825 | G10: 91.23 | H10: 3.1117977 | I10: 2.8892285 | J10: 6.8027397 | K10: 6.226443 | L10: 12/05/2025
A11: IT0005170839 | B11: BTP 01/03/16-01/06/26 1.60% | C11: Republic of Italy | D11: EUR | E11: 01/06/2026 | F11: 0.8 | G11: 99.62 | H11: 1.9771574 | I11: 1.7747805 | J11: 1.0493151 | K11: 1.0173252 | L11: 12/05/2025
A12: IT0005177909 | B12: BTP 01/03/16-01/09/36 2.25% | C12: Republic of Italy | D12: EUR | E12: 01/09/2036 | F12: 1.125 | G12: 86.82 | H12: 3.7169562 | I12: 3.4048831 | J12: 11.309589 | K12: 9.5281515 | L12: 12/05/2025
A13: IT0005273013 | B13: BTP 01/03/17-48 3.45% | C13: Republic of Italy | D13: EUR | E13: 01/03/2048 | F13: 1.725 | G13: 88.36 | H13: 4.2938693 | I13: 3.8164648 | J13: 22.813699 | K13: 14.729069 | L13: 12/05/2025
... A111: IT0005647273 | B111: BTPei 15/11/24-05/56 2.55% reale | C111: Republic of Italy | D111: EUR | E111: 15/05/2056 | F111: 1.275 | G111: 100.94 | H111: 4.8062281 | I111: 4.4766621 | J111: 31.024658 | K111: 5.7038736 | L111: 12/05/2025

Sheet 13
A1: Codice | B1: Strumento | C1: Societa | D1: Valuta | E1: Scadenza | F1: Cedola in corso | G1: Prezzo | H1: Rend. Eff. Lordo | I1: Rend. Eff. Netto | J1: Vita Residua | K1: Duration mod. | L1: Data prezzo
A2: IT0003256820 | B2: BTP 01/02/02-33 5.75% | C2: Republic of Italy | D2: EUR | E2: 01/02/2033 | F2: 2.875 | G2: 116.59 | H2: 3.3201295 | I2: 2.6546529 | J2: 7.7232877 | K2: 6.1721582 | L2: 13/05/2025
A3: IT0005240830 | B3: BTP 01/02/17-01/06/27 2.20% | C3: Republic of Italy | D3: EUR | E3: 01/06/2027 | F3: 1.1 | G3: 100.2 | H3: 2.1105053 | I3: 1.8187393 | J3: 2.0465753 | K3: 1.9517098 | L3: 13/05/2025
A4: IT0005323032 | B4: BTP 01/02/18-28 2.00% | C4: Republic of Italy | D4: EUR | E4: 01/02/2028 | F4: 1 | G4: 99.41 | H4: 2.234974 | I4: 1.9770439 | J4: 2.7178082 | K4: 2.5864177 | L4: 13/05/2025
A5: IT0005365165 | B5: BTP 01/02/19-01/08/29 3.00% | C5: Republic of Italy | D5: EUR | E5: 01/08/2029 | F5: 1.5 | G5: 101.79 | H5: 2.5643772 | I5: 2.1890897 | J5: 4.2164384 | K5: 3.8634499 | L5: 13/05/2025
A6: IT0005582421 | B6: BTP 01/02/2024-01/10/39 4.15% | C6: Republic of Italy | D6: EUR | E6: 01/10/2039 | F6: 2.075 | G6: 101.22 | H6: 4.0736702 | I6: 3.5477844 | J6: 14.389041 | K6: 10.524453 | L6: 13/05/2025
A7: IT0005436693 | B7: BTP 01/02/21-01/08/31 0.60% | C7: Republic of Italy | D7: EUR | E7: 01/08/2031 | F7: 0.3 | G7: 86.4 | H7: 3.0380926 | I7: 2.9552894 | J7: 6.2164384 | K7: 5.9097468 | L7: 13/05/2025
A8: IT0004923998 | B8: BTP 01/03/13-01/09/44 4.75% | C8: Republic of Italy | D8: EUR | E8: 01/09/2044 | F8: 2.375 | G8: 107.16 | H8: 4.2447491 | I8: 3.6635651 | J8: 19.312329 | K8: 12.451843 | L8: 13/05/2025
A9: IT0005024234 | B9: BTP 01/03/14-30 3.50% | C9: Republic of Italy | D9: EUR | E9: 01/03/2030 | F9: 1.75 | G9: 103.78 | H9: 2.6716297 | I9: 2.2355918 | J9: 4.7972603 | K9: 4.3209429 | L9: 13/05/2025
A10: IT0005094088 | B10: BTP 01/03/15-32 1.65% | C10: Republic of Italy | D10: EUR | E10: 01/03/2032 | F10: 0.825 | G10: 91.1 | H10: 3.1351897 | I10: 2.9124298 | J10: 6.8 | K10: 6.2220212 | L10: 13/05/2025
A11: IT0005170839 | B11: BTP 01/03/16-01/06/26 1.60% | C11: Republic of Italy | D11: EUR | E11: 01/06/2026 | F11: 0.8 | G11: 99.9 | H11: 1.7038746 | I11: 1.5021704 | J11: 1.0465753 | K11: 1.0173907 | L11: 13/05/2025
A12: IT0005177909 | B12: BTP 01/03/16-01/09/36 2.25% | C12: Republic of Italy | D12: EUR | E12: 01/09/2036 | F12: 1.125 | G12: 86.62 | H12: 3.7413606 | I12: 3.428849 | J12: 11.306849 | K12: 9.5212194 | L12: 13/05/2025
A13: IT0005273013 | B13: BTP 01/03/17-48 3.45% | C13: Republic of Italy | D13: EUR | E13: 01/03/2048 | F13: 1.725 | G13: 87.93 | H13: 4.3268281 | I13: 3.8478422 | J13: 22.810959 | K13: 14.701794 | L13: 13/05/2025
... A111: IT0005647273 | B111: BTPei 15/11/24-05/56 2.55% reale | C111: Republic of Italy | D111: EUR | E111: 15/05/2056 | F111: 1.275 | G111: 100.55 | H111: 4.8249529 | I111: 4.4945638 | J111: 31.021918 | K111: 5.7701885 | L111: 13/05/2025

Sheet 14
A1: Codice | B1: Strumento | C1: Societa | D1: Valuta | E1: Scadenza | F1: Cedola in corso | G1: Prezzo | H1: Rend. Eff. Lordo | I1: Rend. Eff. Netto | J1: Vita Residua | K1: Duration mod. | L1: Data prezzo
A2: IT0003256820 | B2: BTP 01/02/02-33 5.75% | C2: Republic of Italy | D2: EUR | E2: 01/02/2033 | F2: 2.875 | G2: 116.5 | H2: 3.3317462 | I2: 2.6659366 | J2: 7.7205479 | K2: 6.1682369 | L2: 14/05/2025
A3: IT0005240830 | B3: BTP 01/02/17-01/06/27 2.20% | C3: Republic of Italy | D3: EUR | E3: 01/06/2027 | F3: 1.1 | G3: 100.28 | H3: 2.0698402 | I3: 1.7782221 | J3: 2.0438356 | K3: 1.9498336 | L3: 14/05/2025
A4: IT0005323032 | B4: BTP 01/02/18-28 2.00% | C4: Republic of Italy | D4: EUR | E4: 01/02/2028 | F4: 1 | G4: 99.45 | H4: 2.2196976 | I4: 1.961849 | J4: 2.7150685 | K4: 2.584143 | L4: 14/05/2025
A5: IT0005365165 | B5: BTP 01/02/19-01/08/29 3.00% | C5: Republic of Italy | D5: EUR | E5: 01/08/2029 | F5: 1.5 | G5: 101.77 | H5: 2.5691292 | I5: 2.1937939 | J5: 4.2136986 | K5: 3.8605699 | L5: 14/05/2025
A6: IT0005582421 | B6: BTP 01/02/2024-01/10/39 4.15% | C6: Republic of Italy | D6: EUR | E6: 01/10/2039 | F6: 2.075 | G6: 101.24 | H6: 4.0717822 | I6: 3.5459645 | J6: 14.386301 | K6: 10.522401 | L6: 14/05/2025
A7: IT0005436693 | B7: BTP 01/02/21-01/08/31 0.60% | C7: Republic of Italy | D7: EUR | E7: 01/08/2031 | F7: 0.3 | G7: 86.36 | H7: 3.0469801 | I7: 2.9641527 | J7: 6.2136986 | K7: 5.9065347 | L7: 14/05/2025
A8: IT0004923998 | B8: BTP 01/03/13-01/09/44 4.75% | C8: Republic of Italy | D8: EUR | E8: 01/09/2044 | F8: 2.375 | G8: 107.17 | H8: 4.2439622 | I8: 3.6628124 | J8: 19.309589 | K8: 12.449644 | L8: 14/05/2025
A9: IT0005024234 | B9: BTP 01/03/14-30 3.50% | C9: Republic of Italy | D9: EUR | E9: 01/03/2030 | F9: 1.75 | G9: 103.75 | H9: 2.6778441 | I9: 2.2417232 | J9: 4.7945205 | K9: 4.3179527 | L9: 14/05/2025
A10: IT0005094088 | B10: BTP 01/03/15-32 1.65% | C10: Republic of Italy | D10: EUR | E10: 01/03/2032 | F10: 0.825 | G10: 91.08 | H10: 3.1392791 | I10: 2.916487 | J10: 6.7972603 | K10: 6.2190564 | L10: 14/05/2025
A11: IT0005170839 | B11: BTP 01/03/16-01/06/26 1.60% | C11: Republic of Italy | D11: EUR | E11: 01/06/2026 | F11: 0.8 | G11: 99.63 | H11: 1.9692558 | I11: 1.7668977 | J11: 1.0438356 | K11: 1.0120312 | L11: 14/05/2025
A12: IT0005177909 | B12: BTP 01/03/16-01/09/36 2.25% | C12: Republic of Italy | D12: EUR | E12: 01/09/2036 | F12: 1.125 | G12: 86.51 | H12: 3.754961 | I12: 3.4422063 | J12: 11.30411 | K12: 9.5161876 | L12: 14/05/2025
A13: IT0005273013 | B13: BTP 01/03/17-48 3.45% | C13: Republic of Italy | D13: EUR | E13: 01/03/2048 | F13: 1.725 | G13: 87.9 | H13: 4.3292014 | I13: 3.850104 | J13: 22.808219 | K13: 14.697393 | L13: 14/05/2025
... A111: IT0005647273 | B111: BTPei 15/11/24-05/56 2.55% reale | C111: Republic of Italy | D111: EUR | E111: 15/05/2056 | F111: 1.275 | G111: 100.69 | H111: 4.8182176 | I111: 4.4881252 | J111: 31.019178 | K111: 5.7715843 | L111: 14/05/2025

Sheet 15
A1: Codice | B1: Strumento | C1: Societa | D1: Valuta | E1: Scadenza | F1: Cedola in corso | G1: Prezzo | H1: Rend. Eff. Lordo | I1: Rend. Eff. Netto | J1: Vita Residua | K1: Duration mod. | L1: Data prezzo
A2: IT0003256820 | B2: BTP 01/02/02-33 5.75% | C2: Republic of Italy | D2: EUR | E2: 01/02/2033 | F2: 2.875 | G2: 116.98 | H2: 3.2638255 | I2: 2.5998113 | J2: 7.7123288 | K2: 6.1677021 | L2: 15/05/2025
A3: IT0005240830 | B3: BTP 01/02/17-01/06/27 2.20% | C3: Republic of Italy | D3: EUR | E3: 01/06/2027 | F3: 1.1 | G3: 100.37 | H3: 2.0235718 | I3: 1.7321033 | J3: 2.0356164 | K3: 1.9426962 | L3: 15/05/2025
A4: IT0005323032 | B4: BTP 01/02/18-28 2.00% | C4: Republic of Italy | D4: EUR | E4: 01/02/2028 | F4: 1 | G4: 99.5 | H4: 2.2008776 | I4: 1.9431208 | J4: 2.7068493 | K4: 2.5766001 | L4: 15/05/2025
A5: IT0005365165 | B5: BTP 01/02/19-01/08/29 3.00% | C5: Republic of Italy | D5: EUR | E5: 01/08/2029 | F5: 1.5 | G5: 102.29 | H5: 2.4372033 | I5: 2.0632082 | J5: 4.2054795 | K5: 3.8583475 | L5: 15/05/2025
A6: IT0005582421 | B6: BTP 01/02/2024-01/10/39 4.15% | C6: Republic of Italy | D6: EUR | E6: 01/10/2039 | F6: 2.075 | G6: 101.99 | H6: 4.0019721 | I6: 3.478661 | J6: 14.378082 | K6: 10.53597 | L6: 15/05/2025
A7: IT0005436693 | B7: BTP 01/02/21-01/08/31 0.60% | C7: Republic of Italy | D7: EUR | E7: 01/08/2031 | F7: 0.3 | G7: 86.7 | H7: 2.9837319 | I7: 2.9011107 | J7: 6.2054795 | K7: 5.9024919 | L7: 15/05/2025
A8: IT0004923998 | B8: BTP 01/03/13-01/09/44 4.75% | C8: Republic of Italy | D8: EUR | E8: 01/09/2044 | F8: 2.375 | G8: 108.08 | H8: 4.1766089 | I8: 3.5986147 | J8: 19.30137 | K8: 12.478523 | L8: 15/05/2025
A9: IT0005024234 | B9: BTP 01/03/14-30 3.50% | C9: Republic of Italy | D9: EUR | E9: 01/03/2030 | F9: 1.75 | G9: 103.99 | H9: 2.6233407 | I9: 2.1878778 | J9: 4.7863014 | K9: 4.3127665 | L9: 15/05/2025
A10: IT0005094088 | B10: BTP 01/03/15-32 1.65% | C10: Republic of Italy | D10: EUR | E10: 01/03/2032 | F10: 0.825 | G10: 91.43 | H10: 3.0795103 | I10: 2.8572301 | J10: 6.7890411 | K10: 6.2155912 | L10: 15/05/2025
A11: IT0005170839 | B11: BTP 01/03/16-01/06/26 1.60% | C11: Republic of Italy | D11: EUR | E11: 01/06/2026 | F11: 0.8 | G11: 99.64 | H11: 1.9622081 | I11: 1.7598656 | J11: 1.0356164 | K11: 1.0040408 | L11: 15/05/2025
A12: IT0005177909 | B12: BTP 01/03/16-01/09/36 2.25% | C12: Republic of Italy | D12: EUR | E12: 01/09/2036 | F12: 1.125 | G12: 87.11 | H12: 3.6836867 | I12: 3.3722457 | J12: 11.29589 | K12: 9.520789 | L12: 15/05/2025
A13: IT0005273013 | B13: BTP 01/03/17-48 3.45% | C13: Republic of Italy | D13: EUR | E13: 01/03/2048 | F13: 1.725 | G13: 88.83 | H13: 4.2584876 | I13: 3.7827974 | J13: 22.8 | K13: 14.742385 | L13: 15/05/2025
... A111: IT0005647273 | B111: BTPei 15/11/24-05/56 2.55% reale | C111: Republic of Italy | D111: EUR | E111: 15/05/2056 | F111: 1.275 | G111: 101.33 | H111: 4.7875768 | I111: 4.4588282 | J111: 31.010959 | K111: 5.7786844 | L111: 15/05/2025

Sheet 16
A1: Codice | B1: Strumento | C1: Societa | D1: Valuta | E1: Scadenza | F1: Cedola in corso | G1: Prezzo | H1: Rend. Eff. Lordo | I1: Rend. Eff. Netto | J1: Vita Residua | K1: Duration mod. | L1: Data prezzo
A2: IT0003256820 | B2: BTP 01/02/02-33 5.75% | C2: Republic of Italy | D2: EUR | E2: 01/02/2033 | F2: 2.875 | G2: 117.27 | H2: 3.223515 | I2: 2.5605751 | J2: 7.709589 | K2: 6.1694534 | L2: 16/05/2025
A3: IT0005240830 | B3: BTP 01/02/17-01/06/27 2.20% | C3: Republic of Italy | D3: EUR | E3: 01/06/2027 | F3: 1.1 | G3: 100.4 | H3: 2.0080832 | I3: 1.7166594 | J3: 2.0328767 | K3: 1.940317 | L3: 16/05/2025
A4: IT0005323032 | B4: BTP 01/02/18-28 2.00% | C4: Republic of Italy | D4: EUR | E4: 01/02/2028 | F4: 1 | G4: 99.66 | H4: 2.1390157 | I4: 1.8815618 | J4: 2.7041096 | K4: 2.5755554 | L4: 16/05/2025
A5: IT0005365165 | B5: BTP 01/02/19-01/08/29 3.00% | C5: Republic of Italy | D5: EUR | E5: 01/08/2029 | F5: 1.5 | G5: 102.17 | H5: 2.4670154 | I5: 2.0927173 | J5: 4.2027397 | K5: 3.854364 | L5: 16/05/2025
A6: IT0005582421 | B6: BTP 01/02/2024-01/10/39 4.15% | C6: Republic of Italy | D6: EUR | E6: 01/10/2039 | F6: 2.075 | G6: 102.46 | H6: 3.9585572 | I6: 3.4367983 | J6: 14.375342 | K6: 10.546681 | L6: 16/05/2025
A7: IT0005436693 | B7: BTP 01/02/21-01/08/31 0.60% | C7: Republic of Italy | D7: EUR | E7: 01/08/2031 | F7: 0.3 | G7: 86.91 | H7: 2.9438613 | I7: 2.8613667 | J7: 6.2027397 | K7: 5.9023121 | L7: 16/05/2025
A8: IT0004923998 | B8: BTP 01/03/13-01/09/44 4.75% | C8: Republic of Italy | D8: EUR | E8: 01/09/2044 | F8: 2.375 | G8: 108.6 | H8: 4.1384822 | I8: 3.5622684 | J8: 19.29863 | K8: 12.496703 | L8: 16/05/2025
A9: IT0005024234 | B9: BTP 01/03/14-30 3.50% | C9: Republic of Italy | D9: EUR | E9: 01/03/2030 | F9: 1.75 | G9: 104.13 | H9: 2.5918982 | I9: 2.1568182 | J9: 4.7835616 | K9: 4.3117232 | L9: 16/05/2025
A10: IT0005094088 | B10: BTP 01/03/15-32 1.65% | C10: Republic of Italy | D10: EUR | E10: 01/03/2032 | F10: 0.825 | G10: 91.72 | H10: 3.0293034 | I10: 2.8074479 | J10: 6.7863014 | K10: 6.2167179 | L10: 16/05/2025
A11: IT0005170839 | B11: BTP 01/03/16-01/06/26 1.60% | C11: Republic of Italy | D11: EUR | E11: 01/06/2026 | F11: 0.8 | G11: 99.68 | H11: 1.9233811 | I11: 1.7211247 | J11: 1.0328767 | K11: 1.0017389 | L11: 16/05/2025
A12: IT0005177909 | B12: BTP 01/03/16-01/09/36 2.25% | C12: Republic of Italy | D12: EUR | E12: 01/09/2036 | F12: 1.125 | G12: 87.44 | H12: 3.644505 | I12: 3.3337788 | J12: 11.293151 | K12: 9.5250286 | L12: 16/05/2025
A13: IT0005273013 | B13: BTP 01/03/17-48 3.45% | C13: Republic of Italy | D13: EUR | E13: 01/03/2048 | F13: 1.725 | G13: 89.34 | H13: 4.220075 | I13: 3.7462217 | J13: 22.79726 | K13: 14.768467 | L13: 16/05/2025
... A111: IT0005647273 | B111: BTPei 15/11/24-05/56 2.55% reale | C111: Republic of Italy | D111: EUR | E111: 15/05/2056 | F111: 1.275 | G111: 102.32 | H111: 4.7406693 | I111: 4.4139661 | J111: 31.008219 | K111: 5.7912838 | L111: 16/05/2025

Sheet 19
A1: Codice | B1: Strumento | C1: Societa | D1: Valuta | E1: Scadenza | F1: Cedola in corso | G1: Prezzo | H1: Rend. Eff. Lordo | I1: Rend. Eff. Netto | J1: Vita Residua | K1: Duration mod. | L1: Data prezzo
A2: IT0003256820 | B2: BTP 01/02/02-33 5.75% | C2: Republic of Italy | D2: EUR | E2: 01/02/2033 | F2: 2.875 | G2: 117.35 | H2: 3.211864 | I2: 2.5492227 | J2: 7.7068493 | K2: 6.1680723 | L2: 19/05/2025
A3: IT0005240830 | B3: BTP 01/02/17-01/06/27 2.20% | C3: Republic of Italy | D3: EUR | E3: 01/06/2027 | F3: 1.1 | G3: 100.44 | H3: 1.9874702 | I3: 1.6961189 | J3: 2.030137 | K3: 1.9380382 | L3: 19/05/2025
A4: IT0005323032 | B4: BTP 01/02/18-28 2.00% | C4: Republic of Italy | D4: EUR | E4: 01/02/2028 | F4: 1 | G4: 99.71 | H4: 2.1197535 | I4: 1.8623916 | J4: 2.7013699 | K4: 2.5733823 | L4: 19/05/2025
A5: IT0005365165 | B5: BTP 01/02/19-01/08/29 3.00% | C5: Republic of Italy | D5: EUR | E5: 01/08/2029 | F5: 1.5 | G5: 102.16 | H5: 2.4691823 | I5: 2.0948596 | J5: 4.2 | K5: 3.8515951 | L5: 19/05/2025
A6: IT0005582421 | B6: BTP 01/02/2024-01/10/39 4.15% | C6: Republic of Italy | D6: EUR | E6: 01/10/2039 | F6: 2.075 | G6: 102.41 | H6: 3.9631261 | I6: 3.4412035 | J6: 14.372603 | K6: 10.542641 | L6: 19/05/2025
A7: IT0005436693 | B7: BTP 01/02/21-01/08/31 0.60% | C7: Republic of Italy | D7: EUR | E7: 01/08/2031 | F7: 0.3 | G7: 86.98 | H7: 2.9312699 | I7: 2.8488156 | J7: 6.2 | K7: 5.9004342 | L7: 19/05/2025
A8: IT0004923998 | B8: BTP 01/03/13-01/09/44 4.75% | C8: Republic of Italy | D8: EUR | E8: 01/09/2044 | F8: 2.375 | G8: 108.6 | H8: 4.138429 | I8: 3.562214 | J8: 19.29589 | K8: 12.494102 | L8: 19/05/2025
A9: IT0005024234 | B9: BTP 01/03/14-30 3.50% | C9: Republic of Italy | D9: EUR | E9: 01/03/2030 | F9: 1.75 | G9: 104.23 | H9: 2.5693119 | I9: 2.1345047 | J9: 4.7808219 | K9: 4.3102209 | L9: 19/05/2025
A10: IT0005094088 | B10: BTP 01/03/15-32 1.65% | C10: Republic of Italy | D10: EUR | E10: 01/03/2032 | F10: 0.825 | G10: 91.76 | H10: 3.0228475 | I10: 2.8010494 | J10: 6.7835616 | K10: 6.2145454 | L10: 19/05/2025
A11: IT0005170839 | B11: BTP 01/03/16-01/06/26 1.60% | C11: Republic of Italy | D11: EUR | E11: 01/06/2026 | F11: 0.8 | G11: 99.67 | H11: 1.9341878 | I11: 1.7319134 | J11: 1.030137 | K11: 0.9989439 | L11: 19/05/2025
A12: IT0005177909 | B12: BTP 01/03/16-01/09/36 2.25% | C12: Republic of Italy | D12: EUR | E12: 01/09/2036 | F12: 1.125 | G12: 87.47 | H12: 3.6412232 | I12: 3.3305608 | J12: 11.290411 | K12: 9.5229615 | L12: 19/05/2025
A13: IT0005273013 | B13: BTP 01/03/17-48 3.45% | C13: Republic of Italy | D13: EUR | E13: 01/03/2048 | F13: 1.725 | G13: 89.36 | H13: 4.2186337 | I13: 3.7448529 | J13: 22.794521 | K13: 14.766915 | L13: 19/05/2025
... A111: IT0005647273 | B111: BTPei 15/11/24-05/56 2.55% reale | C111: Republic of Italy | D111: EUR | E111: 15/05/2056 | F111: 1.275 | G111: 102.1 | H111: 4.7510364 | I111: 4.4238824 | J111: 31.005479 | K111: 5.7879095 | L111: 19/05/2025

Sheet 20
A1: Codice | B1: Strumento | C1: Societa | D1: Valuta | E1: Scadenza | F1: Cedola in corso | G1: Prezzo | H1: Rend. Eff. Lordo | I1: Rend. Eff. Netto | J1: Vita Residua | K1: Duration mod. | L1: Data prezzo
A2: IT0003256820 | B2: BTP 01/02/02-33 5.75% | C2: Republic of Italy | D2: EUR | E2: 01/02/2033 | F2: 2.875 | G2: 117.17 | H2: 3.2356419 | I2: 2.5723405 | J2: 7.7041096 | K2: 6.1628205 | L2: 20/05/2025
A3: IT0005240830 | B3: BTP 01/02/17-01/06/27 2.20% | C3: Republic of Italy | D3: EUR | E3: 01/06/2027 | F3: 1.1 | G3: 100.41 | H3: 2.0024591 | I3: 1.711052 | J3: 2.0273973 | K3: 1.9350563 | L3: 20/05/2025
A4: IT0005323032 | B4: BTP 01/02/18-28 2.00% | C4: Republic of Italy | D4: EUR | E4: 01/02/2028 | F4: 1 | G4: 99.71 | H4: 2.1198485 | I4: 1.8624863 | J4: 2.6986301 | K4: 2.570697 | L4: 20/05/2025
A5: IT0005365165 | B5: BTP 01/02/19-01/08/29 3.00% | C5: Republic of Italy | D5: EUR | E5: 01/08/2029 | F5: 1.5 | G5: 102.11 | H5: 2.4814362 | I5: 2.1069891 | J5: 4.1972603 | K5: 3.8483843 | L5: 20/05/2025
A6: IT0005582421 | B6: BTP 01/02/2024-01/10/39 4.15% | C6: Republic of Italy | D6: EUR | E6: 01/10/2039 | F6: 2.075 | G6: 102.12 | H6: 3.9898556 | I6: 3.4669785 | J6: 14.369863 | K6: 10.531791 | L6: 20/05/2025
A7: IT0005436693 | B7: BTP 01/02/21-01/08/31 0.60% | C7: Republic of Italy | D7: EUR | E7: 01/08/2031 | F7: 0.3 | G7: 86.97 | H7: 2.9342346 | I7: 2.8517743 | J7: 6.1972603 | K7: 5.8975881 | L7: 20/05/2025
A8: IT0004923998 | B8: BTP 01/03/13-01/09/44 4.75% | C8: Republic of Italy | D8: EUR | E8: 01/09/2044 | F8: 2.375 | G8: 108.17 | H8: 4.1698514 | I8: 3.592164 | J8: 19.293151 | K8: 12.474321 | L8: 20/05/2025
A9: IT0005024234 | B9: BTP 01/03/14-30 3.50% | C9: Republic of Italy | D9: EUR | E9: 01/03/2030 | F9: 1.75 | G9: 104.21 | H9: 2.5732449 | I9: 2.1383825 | J9: 4.7780822 | K9: 4.3073464 | L9: 20/05/2025
A10: IT0005094088 | B10: BTP 01/03/15-32 1.65% | C10: Republic of Italy | D10: EUR | E10: 01/03/2032 | F10: 0.825 | G10: 91.72 | H10: 3.0303695 | I10: 2.8085103 | J10: 6.7808219 | K10: 6.2113193 | L10: 20/05/2025
A11: IT0005170839 | B11: BTP 01/03/16-01/06/26 1.60% | C11: Republic of Italy | D11: EUR | E11: 01/06/2026 | F11: 0.8 | G11: 99.68 | H11: 1.9250741 | I11: 1.7228115 | J11: 1.0273973 | K11: 0.9963461 | L11: 20/05/2025
A12: IT0005177909 | B12: BTP 01/03/16-01/09/36 2.25% | C12: Republic of Italy | D12: EUR | E12: 01/09/2036 | F12: 1.125 | G12: 87.27 | H12: 3.6654344 | I12: 3.3543393 | J12: 11.287671 | K12: 9.5160669 | L12: 20/05/2025
A13: IT0005273013 | B13: BTP 01/03/17-48 3.45% | C13: Republic of Italy | D13: EUR | E13: 01/03/2048 | F13: 1.725 | G13: 89.02 | H13: 4.244312 | I13: 3.7693088 | J13: 22.791781 | K13: 14.745096 | L13: 20/05/2025
... A111: IT0005647273 | B111: BTPei 15/11/24-05/56 2.55% reale | C111: Republic of Italy | D111: EUR | E111: 15/05/2056 | F111: 1.275 | G111: 100.85 | H111: 4.8105248 | I111: 4.4807713 | J111: 31.00274 | K111: 5.7708171 | L111: 20/05/2025

Sheet 21
A1: Codice | B1: Strumento | C1: Societa | D1: Valuta | E1: Scadenza | F1: Cedola in corso | G1: Prezzo | H1: Rend. Eff. Lordo | I1: Rend. Eff. Netto | J1: Vita Residua | K1: Duration mod. | L1: Data prezzo
A2: IT0003256820 | B2: BTP 01/02/02-33 5.75% | C2: Republic of Italy | D2: EUR | E2: 01/02/2033 | F2: 2.875 | G2: 117.09 | H2: 3.2458144 | I2: 2.5822197 | J2: 7.7013699 | K2: 6.159056 | L2: 21/05/2025
A3: IT0005240830 | B3: BTP 01/02/17-01/06/27 2.20% | C3: Republic of Italy | D3: EUR | E3: 01/06/2027 | F3: 1.1 | G3: 100.4 | H3: 2.0072903 | I3: 1.7158626 | J3: 2.0246575 | K3: 1.9322752 | L3: 21/05/2025
A4: IT0005323032 | B4: BTP 01/02/18-28 2.00% | C4: Republic of Italy | D4: EUR | E4: 01/02/2028 | F4: 1 | G4: 99.64 | H4: 2.1471238 | I4: 1.8896361 | J4: 2.6958904 | K4: 2.5672945 | L4: 21/05/2025
A5: IT0005365165 | B5: BTP 01/02/19-01/08/29 3.00% | C5: Republic of Italy | D5: EUR | E5: 01/08/2029 | F5: 1.5 | G5: 102.04 | H5: 2.4987646 | I5: 2.1241415 | J5: 4.1945205 | K5: 3.8449519 | L5: 21/05/2025
A6: IT0005582421 | B6: BTP 01/02/2024-01/10/39 4.15% | C6: Republic of Italy | D6: EUR | E6: 01/10/2039 | F6: 2.075 | G6: 101.84 | H6: 4.0157614 | I6: 3.4919568 | J6: 14.367123 | K6: 10.521194 | L6: 21/05/2025
A7: IT0005436693 | B7: BTP 01/02/21-01/08/31 0.60% | C7: Republic of Italy | D7: EUR | E7: 01/08/2031 | F7: 0.3 | G7: 86.83 | H7: 2.9625314 | I7: 2.8799871 | J7: 6.1945205 | K7: 5.8931676 | L7: 21/05/2025
A8: IT0004923998 | B8: BTP 01/03/13-01/09/44 4.75% | C8: Republic of Italy | D8: EUR | E8: 01/09/2044 | F8: 2.375 | G8: 107.78 | H8: 4.1984958 | I8: 3.6194628 | J8: 19.290411 | K8: 12.456059 | L8: 21/05/2025
A9: IT0005024234 | B9: BTP 01/03/14-30 3.50% | C9: Republic of Italy | D9: EUR | E9: 01/03/2030 | F9: 1.75 | G9: 104.13 | H9: 2.5904659 | I9: 2.1553819 | J9: 4.7753425 | K9: 4.3037857 | L9: 21/05/2025
A10: IT0005094088 | B10: BTP 01/03/15-32 1.65% | C10: Republic of Italy | D10: EUR | E10: 01/03/2032 | F10: 0.825 | G10: 91.55 | H10: 3.0606669 | I10: 2.8385602 | J10: 6.7780822 | K10: 6.2063784 | L10: 21/05/2025
A11: IT0005170839 | B11: BTP 01/03/16-01/06/26 1.60% | C11: Republic of Italy | D11: EUR | E11: 01/06/2026 | F11: 0.8 | G11: 99.67 | H11: 1.9359435 | I11: 1.7336628 | J11: 1.0246575 | K11: 0.99355115 | L11: 21/05/2025
A12: IT0005177909 | B12: BTP 01/03/16-01/09/36 2.25% | C12: Republic of Italy | D12: EUR | E12: 01/09/2036 | F12: 1.125 | G12: 87.05 | H12: 3.6921243 | I12: 3.3805499 | J12: 11.284932 | K12: 9.5087379 | L12: 21/05/2025
A13: IT0005273013 | B13: BTP 01/03/17-48 3.45% | C13: Republic of Italy | D13: EUR | E13: 01/03/2048 | F13: 1.725 | G13: 88.41 | H13: 4.2906655 | I13: 3.8134476 | J13: 22.789041 | K13: 14.707822 | L13: 21/05/2025
... A111: IT0005647273 | B111: BTPei 15/11/24-05/56 2.55% reale | C111: Republic of Italy | D111: EUR | E111: 15/05/2056 | F111: 1.275 | G111: 100.68 | H111: 4.8186886 | I111: 4.4885757 | J111: 31 | K111: 5.7680485 | L111: 21/05/2025

Sheet 22
A1: Codice | B1: Strumento | C1: Societa | D1: Valuta | E1: Scadenza | F1: Cedola in corso | G1: Prezzo | H1: Rend. Eff. Lordo | I1: Rend. Eff. Netto | J1: Vita Residua | K1: Duration mod. | L1: Data prezzo
A2: IT0003256820 | B2: BTP 01/02/02-33 5.75% | C2: Republic of Italy | D2: EUR | E2: 01/02/2033 | F2: 2.875 | G2: 116.94 | H2: 3.2640915 | I2: 2.5999495 | J2: 7.6931507 | K2: 6.1491012 | L2: 22/05/2025
A3: IT0005240830 | B3: BTP 01/02/17-01/06/27 2.20% | C3: Republic of Italy | D3: EUR | E3: 01/06/2027 | F3: 1.1 | G3: 100.43 | H3: 1.9911252 | I3: 1.6997509 | J3: 2.0164384 | K3: 1.9245348 | L3: 22/05/2025
A4: IT0005323032 | B4: BTP 01/02/18-28 2.00% | C4: Republic of Italy | D4: EUR | E4: 01/02/2028 | F4: 1 | G4: 99.68 | H4: 2.1319055 | I4: 1.8744985 | J4: 2.6876712 | K4: 2.5596483 | L4: 22/05/2025
A5: IT0005365165 | B5: BTP 01/02/19-01/08/29 3.00% | C5: Republic of Italy | D5: EUR | E5: 01/08/2029 | F5: 1.5 | G5: 102.05 | H5: 2.4952289 | I5: 2.1206368 | J5: 4.1863014 | K5: 3.8370877 | L5: 22/05/2025
A6: IT0005582421 | B6: BTP 01/02/2024-01/10/39 4.15% | C6: Republic of Italy | D6: EUR | E6: 01/10/2039 | F6: 2.075 | G6: 101.59 | H6: 4.0389256 | I6: 3.5142909 | J6: 14.358904 | K6: 10.506174 | L6: 22/05/2025
A7: IT0005436693 | B7: BTP 01/02/21-01/08/31 0.60% | C7: Republic of Italy | D7: EUR | E7: 01/08/2031 | F7: 0.3 | G7: 86.79 | H7: 2.9734513 | I7: 2.8908812 | J7: 6.1863014 | K7: 5.8845073 | L7: 22/05/2025
A8: IT0004923998 | B8: BTP 01/03/13-01/09/44 4.75% | C8: Republic of Italy | D8: EUR | E8: 01/09/2044 | F8: 2.375 | G8: 107.3 | H8: 4.2338717 | I8: 3.6531679 | J8: 19.282192 | K8: 12.428868 | L8: 22/05/2025
A9: IT0005024234 | B9: BTP 01/03/14-30 3.50% | C9: Republic of Italy | D9: EUR | E9: 01/03/2030 | F9: 1.75 | G9: 104.1 | H9: 2.5956855 | I9: 2.1605193 | J9: 4.7671233 | K9: 4.2955048 | L9: 22/05/2025
A10: IT0005094088 | B10: BTP 01/03/15-32 1.65% | C10: Republic of Italy | D10: EUR | E10: 01/03/2032 | F10: 0.825 | G10: 91.54 | H10: 3.0640591 | I10: 2.8419346 | J10: 6.769863 | K10: 6.1981481 | L10: 22/05/2025
A11: IT0005170839 | B11: BTP 01/03/16-01/06/26 1.60% | C11: Republic of Italy | D11: EUR | E11: 01/06/2026 | F11: 0.8 | G11: 99.68 | H11: 1.9285077 | I11: 1.7262421 | J11: 1.0164384 | K11: 0.98556065 | L11: 22/05/2025
A12: IT0005177909 | B12: BTP 01/03/16-01/09/36 2.25% | C12: Republic of Italy | D12: EUR | E12: 01/09/2036 | F12: 1.125 | G12: 86.85 | H12: 3.7171257 | I12: 3.4051138 | J12: 11.276712 | K12: 9.4964233 | L12: 22/05/2025
A13: IT0005273013 | B13: BTP 01/03/17-48 3.45% | C13: Republic of Italy | D13: EUR | E13: 01/03/2048 | F13: 1.725 | G13: 88.05 | H13: 4.3183951 | I13: 3.8398562 | J13: 22.780822 | K13: 14.679212 | L13: 22/05/2025
... A111: IT0005647273 | B111: BTPei 15/11/24-05/56 2.55% reale | C111: Republic of Italy | D111: EUR | E111: 15/05/2056 | F111: 1.275 | G111: 99.63 | H111: 4.869524 | I111: 4.5371715 | J111: 30.991781 | K111: 5.7523569 | L111: 22/05/2025

Sheet 23
A1: Codice | B1: Strumento | C1: Societa | D1: Valuta | E1: Scadenza | F1: Cedola in corso | G1: Prezzo | H1: Rend. Eff. Lordo | I1: Rend. Eff. Netto | J1: Vita Residua | K1: Duration mod. | L1: Data prezzo
A2: IT0003256820 | B2: BTP 01/02/02-33 5.75% | C2: Republic of Italy | D2: EUR | E2: 01/02/2033 | F2: 2.875 | G2: 117.38 | H2: 3.2032161 | I2: 2.5407029 | J2: 7.690411 | K2: 6.1530891 | L2: 23/05/2025
A3: IT0005240830 | B3: BTP 01/02/17-01/06/27 2.20% | C3: Republic of Italy | D3: EUR | E3: 01/06/2027 | F3: 1.1 | G3: 100.69 | H3: 1.857813 | I3: 1.5668876 | J3: 2.0136986 | K3: 1.9244636 | L3: 23/05/2025
A4: IT0005323032 | B4: BTP 01/02/18-28 2.00% | C4: Republic of Italy | D4: EUR | E4: 01/02/2028 | F4: 1 | G4: 99.82 | H4: 2.0774828 | I4: 1.8203375 | J4: 2.6849315 | K4: 2.5583969 | L4: 23/05/2025
A5: IT0005365165 | B5: BTP 01/02/19-01/08/29 3.00% | C5: Republic of Italy | D5: EUR | E5: 01/08/2029 | F5: 1.5 | G5: 102.28 | H5: 2.4367409 | I5: 2.0627418 | J5: 4.1835616 | K5: 3.8369713 | L5: 23/05/2025
A6: IT0005582421 | B6: BTP 01/02/2024-01/10/39 4.15% | C6: Republic of Italy | D6: EUR | E6: 01/10/2039 | F6: 2.075 | G6: 102.03 | H6: 3.9980357 | I6: 3.4748644 | J6: 14.356164 | K6: 10.516105 | L6: 23/05/2025
A7: IT0005436693 | B7: BTP 01/02/21-01/08/31 0.60% | C7: Republic of Italy | D7: EUR | E7: 01/08/2031 | F7: 0.3 | G7: 87.07 | H7: 2.9198652 | I7: 2.8374635 | J7: 6.1835616 | K7: 5.8851719 | L7: 23/05/2025
A8: IT0004923998 | B8: BTP 01/03/13-01/09/44 4.75% | C8: Republic of Italy | D8: EUR | E8: 01/09/2044 | F8: 2.375 | G8: 107.98 | H8: 4.1835692 | I8: 3.6052233 | J8: 19.279452 | K8: 12.453686 | L8: 23/05/2025
A9: IT0005024234 | B9: BTP 01/03/14-30 3.50% | C9: Republic of Italy | D9: EUR | E9: 01/03/2030 | F9: 1.75 | G9: 104.36 | H9: 2.5375772 | I9: 2.1031229 | J9: 4.7643836 | K9: 4.2958314 | L9: 23/05/2025
A10: IT0005094088 | B10: BTP 01/03/15-32 1.65% | C10: Republic of Italy | D10: EUR | E10: 01/03/2032 | F10: 0.825 | G10: 91.81 | H10: 3.0172842 | I10: 2.7955527 | J10: 6.7671233 | K10: 6.1990079 | L10: 23/05/2025
A11: IT0005170839 | B11: BTP 01/03/16-01/06/26 1.60% | C11: Republic of Italy | D11: EUR | E11: 01/06/2026 | F11: 0.8 | G11: 99.74 | H11: 1.8686546 | I11: 1.6665262 | J11: 1.0136986 | K11: 0.98345586 | L11: 23/05/2025
A12: IT0005177909 | B12: BTP 01/03/16-01/09/36 2.25% | C12: Republic of Italy | D12: EUR | E12: 01/09/2036 | F12: 1.125 | G12: 87.36 | H12: 3.6561789 | I12: 3.345276 | J12: 11.273973 | K12: 9.5044766 | L12: 23/05/2025
A13: IT0005273013 | B13: BTP 01/03/17-48 3.45% | C13: Republic of Italy | D13: EUR | E13: 01/03/2048 | F13: 1.725 | G13: 88.56 | H13: 4.2795123 | I13: 3.8028435 | J13: 22.778082 | K13: 14.70565 | L13: 23/05/2025
... A111: IT0005647273 | B111: BTPei 15/11/24-05/56 2.55% reale | C111: Republic of Italy | D111: EUR | E111: 15/05/2056 | F111: 1.275 | G111: 99.93 | H111: 4.8549288 | I111: 4.5232213 | J111: 30.989041 | K111: 5.7559576 | L111: 23/05/2025

Sheet 26
A1: Codice | B1: Strumento | C1: Societa | D1: Valuta | E1: Scadenza | F1: Cedola in corso | G1: Prezzo | H1: Rend. Eff. Lordo | I1: Rend. Eff. Netto | J1: Vita Residua | K1: Duration mod. | L1: Data prezzo
A2: IT0003256820 | B2: BTP 01/02/02-33 5.75% | C2: Republic of Italy | D2: EUR | E2: 01/02/2033 | F2: 2.875 | G2: 117.61 | H2: 3.1711278 | I2: 2.5094632 | J2: 7.6876712 | K2: 6.1539356 | L2: 26/05/2025
A3: IT0005240830 | B3: BTP 01/02/17-01/06/27 2.20% | C3: Republic of Italy | D3: EUR | E3: 01/06/2027 | F3: 1.1 | G3: 100.3 | H3: 2.0573509 | I3: 1.7657356 | J3: 2.0109589 | K3: 1.9178676 | L3: 26/05/2025
A4: IT0005323032 | B4: BTP 01/02/18-28 2.00% | C4: Republic of Italy | D4: EUR | E4: 01/02/2028 | F4: 1 | G4: 99.82 | H4: 2.0775371 | I4: 1.8203914 | J4: 2.6821918 | K4: 2.5557115 | L4: 26/05/2025
A5: IT0005365165 | B5: BTP 01/02/19-01/08/29 3.00% | C5: Republic of Italy | D5: EUR | E5: 01/08/2029 | F5: 1.5 | G5: 102.29 | H5: 2.4338409 | I5: 2.0598708 | J5: 4.1808219 | K5: 3.8344236 | L5: 26/05/2025
A6: IT0005582421 | B6: BTP 01/02/2024-01/10/39 4.15% | C6: Republic of Italy | D6: EUR | E6: 01/10/2039 | F6: 2.075 | G6: 102.56 | H6: 3.9490705 | I6: 3.4276466 | J6: 14.353425 | K6: 10.528511 | L6: 26/05/2025
A7: IT0005436693 | B7: BTP 01/02/21-01/08/31 0.60% | C7: Republic of Italy | D7: EUR | E7: 01/08/2031 | F7: 0.3 | G7: 87.21 | H7: 2.8936343 | I7: 2.8113165 | J7: 6.1808219 | K7: 5.884138 | L7: 26/05/2025
A8: IT0004923998 | B8: BTP 01/03/13-01/09/44 4.75% | C8: Republic of Italy | D8: EUR | E8: 01/09/2044 | F8: 2.375 | G8: 108.56 | H8: 4.1409828 | I8: 3.564624 | J8: 19.276712 | K8: 12.474292 | L8: 26/05/2025
A9: IT0005024234 | B9: BTP 01/03/14-30 3.50% | C9: Republic of Italy | D9: EUR | E9: 01/03/2030 | F9: 1.75 | G9: 104.42 | H9: 2.5237902 | I9: 2.0894964 | J9: 4.7616438 | K9: 4.2938706 | L9: 26/05/2025
A10: IT0005094088 | B10: BTP 01/03/15-32 1.65% | C10: Republic of Italy | D10: EUR | E10: 01/03/2032 | F10: 0.825 | G10: 91.95 | H10: 2.9933306 | I10: 2.7718032 | J10: 6.7643836 | K10: 6.1981503 | L10: 26/05/2025
A11: IT0005170839 | B11: BTP 01/03/16-01/06/26 1.60% | C11: Republic of Italy | D11: EUR | E11: 01/06/2026 | F11: 0.8 | G11: 99.74 | H11: 1.8693634 | I11: 1.6672318 | J11: 1.0109589 | K11: 0.98075951 | L11: 26/05/2025
A12: IT0005177909 | B12: BTP 01/03/16-01/09/36 2.25% | C12: Republic of Italy | D12: EUR | E12: 01/09/2036 | F12: 1.125 | G12: 87.72 | H12: 3.6134838 | I12: 3.3033563 | J12: 11.271233 | K12: 9.5093232 | L12: 26/05/2025
A13: IT0005273013 | B13: BTP 01/03/17-48 3.45% | C13: Republic of Italy | D13: EUR | E13: 01/03/2048 | F13: 1.725 | G13: 89.29 | H13: 4.2243372 | I13: 3.7503061 | J13: 22.775342 | K13: 14.744252 | L13: 26/05/2025
... A111: IT0005647273 | B111: BTPei 15/11/24-05/56 2.55% reale | C111: Republic of Italy | D111: EUR | E111: 15/05/2056 | F111: 1.275 | G111: 100.72 | H111: 4.8167587 | I111: 4.4867316 | J111: 30.986301 | K111: 5.7661544 | L111: 26/05/2025

Sheet 27
A1: Codice | B1: Strumento | C1: Societa | D1: Valuta | E1: Scadenza | F1: Cedola in corso | G1: Prezzo | H1: Rend. Eff. Lordo | I1: Rend. Eff. Netto | J1: Vita Residua | K1: Duration mod. | L1: Data prezzo
A2: IT0003256820 | B2: BTP 01/02/02-33 5.75% | C2: Republic of Italy | D2: EUR | E2: 01/02/2033 | F2: 2.875 | G2: 117.71 | H2: 3.1567558 | I2: 2.4954611 | J2: 7.6849315 | K2: 6.1528482 | L2: 27/05/2025
A3: IT0005240830 | B3: BTP 01/02/17-01/06/27 2.20% | C3: Republic of Italy | D3: EUR | E3: 01/06/2027 | F3: 1.1 | G3: 100.52 | H3: 1.9440306 | I3: 1.6528101 | J3: 2.0082192 | K3: 1.9173966 | L3: 27/05/2025
A4: IT0005323032 | B4: BTP 01/02/18-28 2.00% | C4: Republic of Italy | D4: EUR | E4: 01/02/2028 | F4: 1 | G4: 99.79 | H4: 2.0892863 | I4: 1.8320889 | J4: 2.6794521 | K4: 2.552719 | L4: 27/05/2025
A5: IT0005365165 | B5: BTP 01/02/19-01/08/29 3.00% | C5: Republic of Italy | D5: EUR | E5: 01/08/2029 | F5: 1.5 | G5: 102.31 | H5: 2.4284134 | I5: 2.0544954 | J5: 4.1780822 | K5: 3.831986 | L5: 27/05/2025
A6: IT0005582421 | B6: BTP 01/02/2024-01/10/39 4.15% | C6: Republic of Italy | D6: EUR | E6: 01/10/2039 | F6: 2.075 | G6: 102.99 | H6: 3.9095616 | I6: 3.3895428 | J6: 14.350685 | K6: 10.538009 | L6: 27/05/2025
A7: IT0005436693 | B7: BTP 01/02/21-01/08/31 0.60% | C7: Republic of Italy | D7: EUR | E7: 01/08/2031 | F7: 0.3 | G7: 87.28 | H7: 2.8810314 | I7: 2.7987555 | J7: 6.1780822 | K7: 5.8822575 | L7: 27/05/2025
A8: IT0004923998 | B8: BTP 01/03/13-01/09/44 4.75% | C8: Republic of Italy | D8: EUR | E8: 01/09/2044 | F8: 2.375 | G8: 109.24 | H8: 4.0914391 | I8: 3.5173842 | J8: 19.273973 | K8: 12.498692 | L8: 27/05/2025
A9: IT0005024234 | B9: BTP 01/03/14-30 3.50% | C9: Republic of Italy | D9: EUR | E9: 01/03/2030 | F9: 1.75 | G9: 104.4 | H9: 2.5277042 | I9: 2.093355 | J9: 4.7589041 | K9: 4.2909965 | L9: 27/05/2025
A10: IT0005094088 | B10: BTP 01/03/15-32 1.65% | C10: Republic of Italy | D10: EUR | E10: 01/03/2032 | F10: 0.825 | G10: 92.09 | H10: 2.9694046 | I10: 2.7480774 | J10: 6.7616438 | K10: 6.1972899 | L10: 27/05/2025
A11: IT0005170839 | B11: BTP 01/03/16-01/06/26 1.60% | C11: Republic of Italy | D11: EUR | E11: 01/06/2026 | F11: 0.8 | G11: 99.72 | H11: 1.8904319 | I11: 1.6882466 | J11: 1.0082192 | K11: 0.97786584 | L11: 27/05/2025
A12: IT0005177909 | B12: BTP 01/03/16-01/09/36 2.25% | C12: Republic of Italy | D12: EUR | E12: 01/09/2036 | F12: 1.125 | G12: 87.89 | H12: 3.5935407 | I12: 3.283778 | J12: 11.268493 | K12: 9.5101766 | L12: 27/05/2025
A13: IT0005273013 | B13: BTP 01/03/17-48 3.45% | C13: Republic of Italy | D13: EUR | E13: 01/03/2048 | F13: 1.725 | G13: 89.8 | H13: 4.1861584 | I13: 3.7139456 | J13: 22.772603 | K13: 14.770143 | L13: 27/05/2025
... A111: IT0005647273 | B111: BTPei 15/11/24-05/56 2.55% reale | C111: Republic of Italy | D111: EUR | E111: 15/05/2056 | F111: 1.275 | G111: 101.55 | H111: 4.7770662 | I111: 4.4487771 | J111: 30.983562 | K111: 5.7767639 | L111: 27/05/2025
